journey_date,train_number,seq,station_code,sched_arr,sched_dep,actual_arr,actual_dep,delay_at_dep_min,sec_congestion,sec_sr_km,sec_sr_speed,sec_fog
2026-07-25,12301,1,HWH,,2026-07-25T16:50:00+05:30,,2026-07-25T16:50:07+05:30,0.12505,,,,
2026-07-25,12301,2,ASN,2026-07-25T18:48:00+05:30,2026-07-25T18:50:00+05:30,2026-07-25T18:44:50+05:30,2026-07-25T18:54:28+05:30,4.48095,0,0,0,0
2026-07-25,12301,3,DHN,2026-07-25T19:43:00+05:30,2026-07-25T19:48:00+05:30,2026-07-25T19:43:53+05:30,2026-07-25T19:48:01+05:30,0.03177,0,0,0,0
2026-07-25,12301,4,GAYA,2026-07-25T22:03:00+05:30,2026-07-25T22:06:00+05:30,2026-07-25T21:54:43+05:30,2026-07-25T22:06:00+05:30,0.0,0,0,0,0
2026-07-25,12301,5,DDU,2026-07-26T00:35:00+05:30,2026-07-26T00:45:00+05:30,2026-07-26T00:19:23+05:30,2026-07-26T00:45:00+05:30,0.0,0,0,0,0
2026-07-25,12301,6,PRYJ,2026-07-26T02:28:00+05:30,2026-07-26T02:30:00+05:30,2026-07-26T02:25:48+05:30,2026-07-26T02:34:10+05:30,4.1734,0,0,0,0
2026-07-25,12301,7,CNB,2026-07-26T04:45:00+05:30,2026-07-26T04:50:00+05:30,2026-07-26T04:54:10+05:30,2026-07-26T05:01:11+05:30,11.18704,0,0,0,0
2026-07-25,12301,8,NDLS,2026-07-26T10:00:00+05:30,,2026-07-26T09:43:48+05:30,,,0,0,0,0
2026-07-25,12302,1,NDLS,,2026-07-25T16:55:00+05:30,,2026-07-25T16:57:45+05:30,2.7602,,,,
2026-07-25,12302,2,CNB,2026-07-25T22:00:00+05:30,2026-07-25T22:05:00+05:30,2026-07-25T21:44:13+05:30,2026-07-25T22:05:00+05:30,0.0,0,0,0,0
2026-07-25,12302,3,PRYJ,2026-07-26T00:15:00+05:30,2026-07-26T00:17:00+05:30,2026-07-26T00:07:54+05:30,2026-07-26T00:17:00+05:30,0.0,0,0,0,0
2026-07-25,12302,4,DDU,2026-07-26T02:00:00+05:30,2026-07-26T02:10:00+05:30,2026-07-26T01:56:49+05:30,2026-07-26T02:10:00+05:30,0.0,0,0,0,0
2026-07-25,12302,5,GAYA,2026-07-26T04:39:00+05:30,2026-07-26T04:42:00+05:30,2026-07-26T04:25:54+05:30,2026-07-26T04:42:00+05:30,0.0,0,0,0,0
2026-07-25,12302,6,DHN,2026-07-26T06:57:00+05:30,2026-07-26T07:02:00+05:30,2026-07-26T06:54:53+05:30,2026-07-26T07:02:32+05:30,0.54463,0,0,0,0
2026-07-25,12302,7,ASN,2026-07-26T07:55:00+05:30,2026-07-26T07:57:00+05:30,2026-07-26T07:55:44+05:30,2026-07-26T07:59:32+05:30,2.53361,0,0,0,0
2026-07-25,12302,8,HWH,2026-07-26T09:55:00+05:30,,2026-07-26T09:54:18+05:30,,,0,0,0,0
2026-07-26,12301,1,HWH,,2026-07-26T16:50:00+05:30,,2026-07-26T17:00:43+05:30,10.7262,,,,
2026-07-26,12301,2,ASN,2026-07-26T18:48:00+05:30,2026-07-26T18:50:00+05:30,2026-07-26T18:50:49+05:30,2026-07-26T18:52:52+05:30,2.88164,0,0,0,0
2026-07-26,12301,3,DHN,2026-07-26T19:43:00+05:30,2026-07-26T19:48:00+05:30,2026-07-26T19:43:06+05:30,2026-07-26T19:50:19+05:30,2.32773,0,0,0,0
2026-07-26,12301,4,GAYA,2026-07-26T22:03:00+05:30,2026-07-26T22:06:00+05:30,2026-07-26T22:11:12+05:30,2026-07-26T22:17:41+05:30,11.69036,0,24.94028,45,0
2026-07-26,12301,5,DDU,2026-07-27T00:35:00+05:30,2026-07-27T00:45:00+05:30,2026-07-27T00:54:40+05:30,2026-07-27T01:11:33+05:30,26.55446,1,0,0,0
2026-07-26,12301,6,PRYJ,2026-07-27T02:28:00+05:30,2026-07-27T02:30:00+05:30,2026-07-27T02:40:54+05:30,2026-07-27T02:51:41+05:30,21.69763,0,0,0,0
2026-07-26,12301,7,CNB,2026-07-27T04:45:00+05:30,2026-07-27T04:50:00+05:30,2026-07-27T05:17:16+05:30,2026-07-27T05:26:08+05:30,36.13779,1,0,0,0
2026-07-26,12301,8,NDLS,2026-07-27T10:00:00+05:30,,2026-07-27T10:03:41+05:30,,,0,0,0,0
2026-07-26,12302,1,NDLS,,2026-07-26T16:55:00+05:30,,2026-07-26T16:56:20+05:30,1.33413,,,,
2026-07-26,12302,2,CNB,2026-07-26T22:00:00+05:30,2026-07-26T22:05:00+05:30,2026-07-26T21:33:46+05:30,2026-07-26T22:05:00+05:30,0.0,0,0,0,0
2026-07-26,12302,3,PRYJ,2026-07-27T00:15:00+05:30,2026-07-27T00:17:00+05:30,2026-07-27T00:02:36+05:30,2026-07-27T00:17:00+05:30,0.0,0,0,0,0
2026-07-26,12302,4,DDU,2026-07-27T02:00:00+05:30,2026-07-27T02:10:00+05:30,2026-07-27T01:52:27+05:30,2026-07-27T02:10:00+05:30,0.0,0,0,0,0
2026-07-26,12302,5,GAYA,2026-07-27T04:39:00+05:30,2026-07-27T04:42:00+05:30,2026-07-27T04:55:32+05:30,2026-07-27T05:07:27+05:30,25.46176,0,0,0,1
2026-07-26,12302,6,DHN,2026-07-27T06:57:00+05:30,2026-07-27T07:02:00+05:30,2026-07-27T07:32:02+05:30,2026-07-27T07:40:25+05:30,38.42762,0,0,0,1
2026-07-26,12302,7,ASN,2026-07-27T07:55:00+05:30,2026-07-27T07:57:00+05:30,2026-07-27T08:47:36+05:30,2026-07-27T08:49:01+05:30,52.03217,0,0,0,1
2026-07-26,12302,8,HWH,2026-07-27T09:55:00+05:30,,2026-07-27T11:01:52+05:30,,,0,0,0,1
2026-07-27,12301,1,HWH,,2026-07-27T16:50:00+05:30,,2026-07-27T16:58:12+05:30,8.20979,,,,
2026-07-27,12301,2,ASN,2026-07-27T18:48:00+05:30,2026-07-27T18:50:00+05:30,2026-07-27T18:51:13+05:30,2026-07-27T18:54:55+05:30,4.92741,0,0,0,0
2026-07-27,12301,3,DHN,2026-07-27T19:43:00+05:30,2026-07-27T19:48:00+05:30,2026-07-27T19:44:25+05:30,2026-07-27T19:49:58+05:30,1.97529,0,0,0,0
2026-07-27,12301,4,GAYA,2026-07-27T22:03:00+05:30,2026-07-27T22:06:00+05:30,2026-07-27T21:54:54+05:30,2026-07-27T22:06:00+05:30,0.0,0,0,0,0
2026-07-27,12301,5,DDU,2026-07-28T00:35:00+05:30,2026-07-28T00:45:00+05:30,2026-07-28T00:26:28+05:30,2026-07-28T00:45:00+05:30,0.0,0,0,0,0
2026-07-27,12301,6,PRYJ,2026-07-28T02:28:00+05:30,2026-07-28T02:30:00+05:30,2026-07-28T02:24:14+05:30,2026-07-28T02:30:00+05:30,0.0,0,0,0,0
2026-07-27,12301,7,CNB,2026-07-28T04:45:00+05:30,2026-07-28T04:50:00+05:30,2026-07-28T04:44:20+05:30,2026-07-28T04:50:00+05:30,0.0,0,0,0,0
2026-07-27,12301,8,NDLS,2026-07-28T10:00:00+05:30,,2026-07-28T09:48:25+05:30,,,0,0,0,0
2026-07-27,12302,1,NDLS,,2026-07-27T16:55:00+05:30,,2026-07-27T17:14:16+05:30,19.27608,,,,
2026-07-27,12302,2,CNB,2026-07-27T22:00:00+05:30,2026-07-27T22:05:00+05:30,2026-07-27T21:57:19+05:30,2026-07-27T22:05:00+05:30,0.0,0,0,0,0
2026-07-27,12302,3,PRYJ,2026-07-28T00:15:00+05:30,2026-07-28T00:17:00+05:30,2026-07-28T00:00:43+05:30,2026-07-28T00:17:00+05:30,0.0,0,0,0,0
2026-07-27,12302,4,DDU,2026-07-28T02:00:00+05:30,2026-07-28T02:10:00+05:30,2026-07-28T01:51:47+05:30,2026-07-28T02:10:00+05:30,0.0,0,0,0,0
2026-07-27,12302,5,GAYA,2026-07-28T04:39:00+05:30,2026-07-28T04:42:00+05:30,2026-07-28T04:35:40+05:30,2026-07-28T04:42:00+05:30,0.0,0,0,0,0
2026-07-27,12302,6,DHN,2026-07-28T06:57:00+05:30,2026-07-28T07:02:00+05:30,2026-07-28T06:49:28+05:30,2026-07-28T07:02:00+05:30,0.0,0,0,0,0
2026-07-27,12302,7,ASN,2026-07-28T07:55:00+05:30,2026-07-28T07:57:00+05:30,2026-07-28T07:53:55+05:30,2026-07-28T07:57:00+05:30,0.0,0,0,0,0
2026-07-27,12302,8,HWH,2026-07-28T09:55:00+05:30,,2026-07-28T09:48:12+05:30,,,0,0,0,0
2026-07-28,12301,1,HWH,,2026-07-28T16:50:00+05:30,,2026-07-28T18:15:34+05:30,85.58202,,,,
2026-07-28,12301,2,ASN,2026-07-28T18:48:00+05:30,2026-07-28T18:50:00+05:30,2026-07-28T20:07:11+05:30,2026-07-28T20:13:07+05:30,83.12211,0,0,0,0
2026-07-28,12301,3,DHN,2026-07-28T19:43:00+05:30,2026-07-28T19:48:00+05:30,2026-07-28T21:09:48+05:30,2026-07-28T21:15:55+05:30,87.93167,0,0,0,0
2026-07-28,12301,4,GAYA,2026-07-28T22:03:00+05:30,2026-07-28T22:06:00+05:30,2026-07-28T23:26:29+05:30,2026-07-28T23:29:58+05:30,83.97213,0,0,0,0
2026-07-28,12301,5,DDU,2026-07-29T00:35:00+05:30,2026-07-29T00:45:00+05:30,2026-07-29T01:54:53+05:30,2026-07-29T02:16:43+05:30,91.7188,0,0,0,0
2026-07-28,12301,6,PRYJ,2026-07-29T02:28:00+05:30,2026-07-29T02:30:00+05:30,2026-07-29T04:03:05+05:30,2026-07-29T04:04:29+05:30,94.48831,0,0,0,0
2026-07-28,12301,7,CNB,2026-07-29T04:45:00+05:30,2026-07-29T04:50:00+05:30,2026-07-29T06:17:25+05:30,2026-07-29T06:22:36+05:30,92.60299,0,0,0,0
2026-07-28,12301,8,NDLS,2026-07-29T10:00:00+05:30,,2026-07-29T11:32:21+05:30,,,0,0,0,0
2026-07-28,12302,1,NDLS,,2026-07-28T16:55:00+05:30,,2026-07-28T16:57:55+05:30,2.91836,,,,
2026-07-28,12302,2,CNB,2026-07-28T22:00:00+05:30,2026-07-28T22:05:00+05:30,2026-07-28T22:12:43+05:30,2026-07-28T22:18:41+05:30,13.69784,1,0,0,0
2026-07-28,12302,3,PRYJ,2026-07-29T00:15:00+05:30,2026-07-29T00:17:00+05:30,2026-07-29T00:16:33+05:30,2026-07-29T00:17:54+05:30,0.91341,0,0,0,0
2026-07-28,12302,4,DDU,2026-07-29T02:00:00+05:30,2026-07-29T02:10:00+05:30,2026-07-29T02:30:11+05:30,2026-07-29T02:39:33+05:30,29.56052,1,0,0,0
2026-07-28,12302,5,GAYA,2026-07-29T04:39:00+05:30,2026-07-29T04:42:00+05:30,2026-07-29T05:04:48+05:30,2026-07-29T05:11:12+05:30,29.20587,0,0,0,0
2026-07-28,12302,6,DHN,2026-07-29T06:57:00+05:30,2026-07-29T07:02:00+05:30,2026-07-29T07:11:16+05:30,2026-07-29T07:19:26+05:30,17.44012,0,0,0,0
2026-07-28,12302,7,ASN,2026-07-29T07:55:00+05:30,2026-07-29T07:57:00+05:30,2026-07-29T08:13:49+05:30,2026-07-29T08:14:51+05:30,17.85812,0,0,0,0
2026-07-28,12302,8,HWH,2026-07-29T09:55:00+05:30,,2026-07-29T10:03:46+05:30,,,0,0,0,0
2026-07-29,12301,1,HWH,,2026-07-29T16:50:00+05:30,,2026-07-29T16:54:41+05:30,4.69465,,,,
2026-07-29,12301,2,ASN,2026-07-29T18:48:00+05:30,2026-07-29T18:50:00+05:30,2026-07-29T18:55:25+05:30,2026-07-29T18:58:57+05:30,8.95949,0,16.85761,45,0
2026-07-29,12301,3,DHN,2026-07-29T19:43:00+05:30,2026-07-29T19:48:00+05:30,2026-07-29T19:52:44+05:30,2026-07-29T19:56:59+05:30,8.99141,0,0,0,0
2026-07-29,12301,4,GAYA,2026-07-29T22:03:00+05:30,2026-07-29T22:06:00+05:30,2026-07-29T22:12:01+05:30,2026-07-29T22:14:40+05:30,8.6796,0,0,0,0
2026-07-29,12301,5,DDU,2026-07-30T00:35:00+05:30,2026-07-30T00:45:00+05:30,2026-07-30T00:31:56+05:30,2026-07-30T00:45:00+05:30,0.0,0,0,0,0
2026-07-29,12301,6,PRYJ,2026-07-30T02:28:00+05:30,2026-07-30T02:30:00+05:30,2026-07-30T02:29:23+05:30,2026-07-30T02:33:50+05:30,3.84237,0,0,0,0
2026-07-29,12301,7,CNB,2026-07-30T04:45:00+05:30,2026-07-30T04:50:00+05:30,2026-07-30T04:41:54+05:30,2026-07-30T04:50:00+05:30,0.0,0,0,0,0
2026-07-29,12301,8,NDLS,2026-07-30T10:00:00+05:30,,2026-07-30T09:46:52+05:30,,,0,0,0,0
2026-07-29,12302,1,NDLS,,2026-07-29T16:55:00+05:30,,2026-07-29T17:24:18+05:30,29.30491,,,,
2026-07-29,12302,2,CNB,2026-07-29T22:00:00+05:30,2026-07-29T22:05:00+05:30,2026-07-29T22:24:28+05:30,2026-07-29T22:32:53+05:30,27.89045,1,0,0,0
2026-07-29,12302,3,PRYJ,2026-07-30T00:15:00+05:30,2026-07-30T00:17:00+05:30,2026-07-30T00:42:16+05:30,2026-07-30T00:47:36+05:30,30.60196,0,0,0,0
2026-07-29,12302,4,DDU,2026-07-30T02:00:00+05:30,2026-07-30T02:10:00+05:30,2026-07-30T03:02:36+05:30,2026-07-30T03:15:30+05:30,65.51394,1,10.49573,45,0
2026-07-29,12302,5,GAYA,2026-07-30T04:39:00+05:30,2026-07-30T04:42:00+05:30,2026-07-30T05:41:16+05:30,2026-07-30T05:46:46+05:30,64.77361,0,0,0,0
2026-07-29,12302,6,DHN,2026-07-30T06:57:00+05:30,2026-07-30T07:02:00+05:30,2026-07-30T07:50:34+05:30,2026-07-30T07:55:33+05:30,53.56573,0,0,0,0
2026-07-29,12302,7,ASN,2026-07-30T07:55:00+05:30,2026-07-30T07:57:00+05:30,2026-07-30T08:47:10+05:30,2026-07-30T08:49:17+05:30,52.29738,0,0,0,0
2026-07-29,12302,8,HWH,2026-07-30T09:55:00+05:30,,2026-07-30T10:32:24+05:30,,,0,0,0,0
2026-07-30,12301,1,HWH,,2026-07-30T16:50:00+05:30,,2026-07-30T16:50:20+05:30,0.3471,,,,
2026-07-30,12301,2,ASN,2026-07-30T18:48:00+05:30,2026-07-30T18:50:00+05:30,2026-07-30T18:45:45+05:30,2026-07-30T18:50:00+05:30,0.0,0,0,0,0
2026-07-30,12301,3,DHN,2026-07-30T19:43:00+05:30,2026-07-30T19:48:00+05:30,2026-07-30T19:37:00+05:30,2026-07-30T19:48:00+05:30,0.0,0,0,0,0
2026-07-30,12301,4,GAYA,2026-07-30T22:03:00+05:30,2026-07-30T22:06:00+05:30,2026-07-30T21:46:56+05:30,2026-07-30T22:06:00+05:30,0.0,0,0,0,0
2026-07-30,12301,5,DDU,2026-07-31T00:35:00+05:30,2026-07-31T00:45:00+05:30,2026-07-31T00:31:10+05:30,2026-07-31T00:45:00+05:30,0.0,0,0,0,0
2026-07-30,12301,6,PRYJ,2026-07-31T02:28:00+05:30,2026-07-31T02:30:00+05:30,2026-07-31T02:23:05+05:30,2026-07-31T02:30:00+05:30,0.0,0,0,0,0
2026-07-30,12301,7,CNB,2026-07-31T04:45:00+05:30,2026-07-31T04:50:00+05:30,2026-07-31T04:41:00+05:30,2026-07-31T04:50:00+05:30,0.0,0,0,0,0
2026-07-30,12301,8,NDLS,2026-07-31T10:00:00+05:30,,2026-07-31T09:20:20+05:30,,,0,0,0,0
2026-07-30,12302,1,NDLS,,2026-07-30T16:55:00+05:30,,2026-07-30T17:15:34+05:30,20.57889,,,,
2026-07-30,12302,2,CNB,2026-07-30T22:00:00+05:30,2026-07-30T22:05:00+05:30,2026-07-30T22:10:31+05:30,2026-07-30T22:17:51+05:30,12.85357,0,0,0,0
2026-07-30,12302,3,PRYJ,2026-07-31T00:15:00+05:30,2026-07-31T00:17:00+05:30,2026-07-31T00:20:35+05:30,2026-07-31T00:24:54+05:30,7.91283,0,0,0,0
2026-07-30,12302,4,DDU,2026-07-31T02:00:00+05:30,2026-07-31T02:10:00+05:30,2026-07-31T02:03:46+05:30,2026-07-31T02:13:38+05:30,3.64574,0,0,0,0
2026-07-30,12302,5,GAYA,2026-07-31T04:39:00+05:30,2026-07-31T04:42:00+05:30,2026-07-31T04:51:15+05:30,2026-07-31T04:57:11+05:30,15.19145,0,0,0,1
2026-07-30,12302,6,DHN,2026-07-31T06:57:00+05:30,2026-07-31T07:02:00+05:30,2026-07-31T07:18:40+05:30,2026-07-31T07:26:02+05:30,24.04486,0,0,0,1
2026-07-30,12302,7,ASN,2026-07-31T07:55:00+05:30,2026-07-31T07:57:00+05:30,2026-07-31T08:32:17+05:30,2026-07-31T08:34:42+05:30,37.71423,0,0,0,1
2026-07-30,12302,8,HWH,2026-07-31T09:55:00+05:30,,2026-07-31T10:36:31+05:30,,,0,0,0,1
2026-07-31,12301,1,HWH,,2026-07-31T16:50:00+05:30,,2026-07-31T17:34:05+05:30,44.09212,,,,
2026-07-31,12301,2,ASN,2026-07-31T18:48:00+05:30,2026-07-31T18:50:00+05:30,2026-07-31T19:26:15+05:30,2026-07-31T19:31:05+05:30,41.09611,0,0,0,0
2026-07-31,12301,3,DHN,2026-07-31T19:43:00+05:30,2026-07-31T19:48:00+05:30,2026-07-31T20:22:39+05:30,2026-07-31T20:29:32+05:30,41.54258,0,0,0,0
2026-07-31,12301,4,GAYA,2026-07-31T22:03:00+05:30,2026-07-31T22:06:00+05:30,2026-07-31T22:33:53+05:30,2026-07-31T22:39:19+05:30,33.32482,0,0,0,0
2026-07-31,12301,5,DDU,2026-08-01T00:35:00+05:30,2026-08-01T00:45:00+05:30,2026-08-01T01:29:21+05:30,2026-08-01T01:42:15+05:30,57.25093,1,0,0,0
2026-07-31,12301,6,PRYJ,2026-08-01T02:28:00+05:30,2026-08-01T02:30:00+05:30,2026-08-01T03:21:05+05:30,2026-08-01T03:24:52+05:30,54.87684,0,0,0,0
2026-07-31,12301,7,CNB,2026-08-01T04:45:00+05:30,2026-08-01T04:50:00+05:30,2026-08-01T05:33:57+05:30,2026-08-01T05:40:17+05:30,50.28939,1,0,0,0
2026-07-31,12301,8,NDLS,2026-08-01T10:00:00+05:30,,2026-08-01T10:30:29+05:30,,,0,0,0,0
2026-07-31,12302,1,NDLS,,2026-07-31T16:55:00+05:30,,2026-07-31T16:59:04+05:30,4.07503,,,,
2026-07-31,12302,2,CNB,2026-07-31T22:00:00+05:30,2026-07-31T22:05:00+05:30,2026-07-31T21:55:35+05:30,2026-07-31T22:05:00+05:30,0.0,0,0,0,0
2026-07-31,12302,3,PRYJ,2026-08-01T00:15:00+05:30,2026-08-01T00:17:00+05:30,2026-08-01T00:07:21+05:30,2026-08-01T00:17:00+05:30,0.0,0,0,0,0
2026-07-31,12302,4,DDU,2026-08-01T02:00:00+05:30,2026-08-01T02:10:00+05:30,2026-08-01T01:47:26+05:30,2026-08-01T02:10:00+05:30,0.0,0,0,0,0
2026-07-31,12302,5,GAYA,2026-08-01T04:39:00+05:30,2026-08-01T04:42:00+05:30,2026-08-01T04:34:01+05:30,2026-08-01T04:46:32+05:30,4.54425,0,0,0,0
2026-07-31,12302,6,DHN,2026-08-01T06:57:00+05:30,2026-08-01T07:02:00+05:30,2026-08-01T06:56:17+05:30,2026-08-01T07:02:00+05:30,0.0,0,0,0,0
2026-07-31,12302,7,ASN,2026-08-01T07:55:00+05:30,2026-08-01T07:57:00+05:30,2026-08-01T07:50:16+05:30,2026-08-01T07:57:00+05:30,0.0,0,0,0,0
2026-07-31,12302,8,HWH,2026-08-01T09:55:00+05:30,,2026-08-01T09:51:15+05:30,,,0,0,0,0
2026-08-01,12301,1,HWH,,2026-08-01T16:50:00+05:30,,2026-08-01T17:18:39+05:30,28.65155,,,,
2026-08-01,12301,2,ASN,2026-08-01T18:48:00+05:30,2026-08-01T18:50:00+05:30,2026-08-01T19:13:40+05:30,2026-08-01T19:19:07+05:30,29.12572,0,0,0,0
2026-08-01,12301,3,DHN,2026-08-01T19:43:00+05:30,2026-08-01T19:48:00+05:30,2026-08-01T20:11:50+05:30,2026-08-01T20:19:31+05:30,31.52214,0,0,0,0
2026-08-01,12301,4,GAYA,2026-08-01T22:03:00+05:30,2026-08-01T22:06:00+05:30,2026-08-01T22:28:45+05:30,2026-08-01T22:33:10+05:30,27.18176,0,0,0,0
2026-08-01,12301,5,DDU,2026-08-02T00:35:00+05:30,2026-08-02T00:45:00+05:30,2026-08-02T00:56:29+05:30,2026-08-02T01:09:28+05:30,24.47981,0,0,0,0
2026-08-01,12301,6,PRYJ,2026-08-02T02:28:00+05:30,2026-08-02T02:30:00+05:30,2026-08-02T02:58:39+05:30,2026-08-02T03:02:19+05:30,32.32128,0,0,0,0
2026-08-01,12301,7,CNB,2026-08-02T04:45:00+05:30,2026-08-02T04:50:00+05:30,2026-08-02T05:05:39+05:30,2026-08-02T05:20:57+05:30,30.96596,0,0,0,0
2026-08-01,12301,8,NDLS,2026-08-02T10:00:00+05:30,,2026-08-02T10:36:46+05:30,,,0,16.54705,45,0
2026-08-01,12302,1,NDLS,,2026-08-01T16:55:00+05:30,,2026-08-01T16:58:48+05:30,3.80615,,,,
2026-08-01,12302,2,CNB,2026-08-01T22:00:00+05:30,2026-08-01T22:05:00+05:30,2026-08-01T21:44:44+05:30,2026-08-01T22:05:00+05:30,0.0,0,0,0,0
2026-08-01,12302,3,PRYJ,2026-08-02T00:15:00+05:30,2026-08-02T00:17:00+05:30,2026-08-02T00:10:20+05:30,2026-08-02T00:17:00+05:30,0.0,0,0,0,0
2026-08-01,12302,4,DDU,2026-08-02T02:00:00+05:30,2026-08-02T02:10:00+05:30,2026-08-02T02:00:49+05:30,2026-08-02T02:14:34+05:30,4.5795,0,0,0,0
2026-08-01,12302,5,GAYA,2026-08-02T04:39:00+05:30,2026-08-02T04:42:00+05:30,2026-08-02T04:30:09+05:30,2026-08-02T04:42:00+05:30,0.0,0,0,0,0
2026-08-01,12302,6,DHN,2026-08-02T06:57:00+05:30,2026-08-02T07:02:00+05:30,2026-08-02T06:47:50+05:30,2026-08-02T07:02:00+05:30,0.0,0,0,0,0
2026-08-01,12302,7,ASN,2026-08-02T07:55:00+05:30,2026-08-02T07:57:00+05:30,2026-08-02T07:47:08+05:30,2026-08-02T07:57:00+05:30,0.0,0,0,0,0
2026-08-01,12302,8,HWH,2026-08-02T09:55:00+05:30,,2026-08-02T09:49:18+05:30,,,0,0,0,0
2026-08-02,12301,1,HWH,,2026-08-02T16:50:00+05:30,,2026-08-02T16:50:07+05:30,0.12839,,,,
2026-08-02,12301,2,ASN,2026-08-02T18:48:00+05:30,2026-08-02T18:50:00+05:30,2026-08-02T18:40:11+05:30,2026-08-02T18:50:00+05:30,0.0,0,0,0,0
2026-08-02,12301,3,DHN,2026-08-02T19:43:00+05:30,2026-08-02T19:48:00+05:30,2026-08-02T19:37:10+05:30,2026-08-02T19:48:00+05:30,0.0,0,0,0,0
2026-08-02,12301,4,GAYA,2026-08-02T22:03:00+05:30,2026-08-02T22:06:00+05:30,2026-08-02T22:05:05+05:30,2026-08-02T22:11:00+05:30,5.01075,0,0,0,0
2026-08-02,12301,5,DDU,2026-08-03T00:35:00+05:30,2026-08-03T00:45:00+05:30,2026-08-03T00:38:50+05:30,2026-08-03T00:49:41+05:30,4.68822,0,0,0,0
2026-08-02,12301,6,PRYJ,2026-08-03T02:28:00+05:30,2026-08-03T02:30:00+05:30,2026-08-03T02:29:23+05:30,2026-08-03T02:30:55+05:30,0.92204,0,0,0,0
2026-08-02,12301,7,CNB,2026-08-03T04:45:00+05:30,2026-08-03T04:50:00+05:30,2026-08-03T04:34:12+05:30,2026-08-03T04:50:00+05:30,0.0,0,0,0,0
2026-08-02,12301,8,NDLS,2026-08-03T10:00:00+05:30,,2026-08-03T09:39:27+05:30,,,0,0,0,0
2026-08-02,12302,1,NDLS,,2026-08-02T16:55:00+05:30,,2026-08-02T16:59:02+05:30,4.041,,,,
2026-08-02,12302,2,CNB,2026-08-02T22:00:00+05:30,2026-08-02T22:05:00+05:30,2026-08-02T21:37:06+05:30,2026-08-02T22:05:00+05:30,0.0,0,0,0,0
2026-08-02,12302,3,PRYJ,2026-08-03T00:15:00+05:30,2026-08-03T00:17:00+05:30,2026-08-03T00:18:40+05:30,2026-08-03T00:20:54+05:30,3.9013,0,0,0,0
2026-08-02,12302,4,DDU,2026-08-03T02:00:00+05:30,2026-08-03T02:10:00+05:30,2026-08-03T02:03:02+05:30,2026-08-03T02:24:53+05:30,14.8883,0,0,0,0
2026-08-02,12302,5,GAYA,2026-08-03T04:39:00+05:30,2026-08-03T04:42:00+05:30,2026-08-03T04:43:07+05:30,2026-08-03T04:46:49+05:30,4.82742,0,0,0,0
2026-08-02,12302,6,DHN,2026-08-03T06:57:00+05:30,2026-08-03T07:02:00+05:30,2026-08-03T07:03:46+05:30,2026-08-03T07:20:47+05:30,18.79799,0,0,0,0
2026-08-02,12302,7,ASN,2026-08-03T07:55:00+05:30,2026-08-03T07:57:00+05:30,2026-08-03T08:08:20+05:30,2026-08-03T08:13:08+05:30,16.13654,0,0,0,0
2026-08-02,12302,8,HWH,2026-08-03T09:55:00+05:30,,2026-08-03T10:01:38+05:30,,,0,0,0,0
2026-08-03,12301,1,HWH,,2026-08-03T16:50:00+05:30,,2026-08-03T16:53:57+05:30,3.96466,,,,
2026-08-03,12301,2,ASN,2026-08-03T18:48:00+05:30,2026-08-03T18:50:00+05:30,2026-08-03T18:43:45+05:30,2026-08-03T18:50:00+05:30,0.0,0,0,0,0
2026-08-03,12301,3,DHN,2026-08-03T19:43:00+05:30,2026-08-03T19:48:00+05:30,2026-08-03T19:50:13+05:30,2026-08-03T19:55:34+05:30,7.57852,0,17.03621,45,0
2026-08-03,12301,4,GAYA,2026-08-03T22:03:00+05:30,2026-08-03T22:06:00+05:30,2026-08-03T21:59:15+05:30,2026-08-03T22:06:00+05:30,0.0,0,0,0,0
2026-08-03,12301,5,DDU,2026-08-04T00:35:00+05:30,2026-08-04T00:45:00+05:30,2026-08-04T00:36:09+05:30,2026-08-04T00:47:35+05:30,2.58516,1,0,0,0
2026-08-03,12301,6,PRYJ,2026-08-04T02:28:00+05:30,2026-08-04T02:30:00+05:30,2026-08-04T02:26:29+05:30,2026-08-04T02:30:00+05:30,0.0,0,0,0,0
2026-08-03,12301,7,CNB,2026-08-04T04:45:00+05:30,2026-08-04T04:50:00+05:30,2026-08-04T04:44:49+05:30,2026-08-04T04:50:00+05:30,0.0,1,0,0,0
2026-08-03,12301,8,NDLS,2026-08-04T10:00:00+05:30,,2026-08-04T09:44:39+05:30,,,0,0,0,0
2026-08-03,12302,1,NDLS,,2026-08-03T16:55:00+05:30,,2026-08-03T16:55:37+05:30,0.6314,,,,
2026-08-03,12302,2,CNB,2026-08-03T22:00:00+05:30,2026-08-03T22:05:00+05:30,2026-08-03T21:44:35+05:30,2026-08-03T22:05:00+05:30,0.0,0,0,0,0
2026-08-03,12302,3,PRYJ,2026-08-04T00:15:00+05:30,2026-08-04T00:17:00+05:30,2026-08-04T00:13:02+05:30,2026-08-04T00:17:00+05:30,0.0,0,0,0,0
2026-08-03,12302,4,DDU,2026-08-04T02:00:00+05:30,2026-08-04T02:10:00+05:30,2026-08-04T01:56:04+05:30,2026-08-04T02:10:00+05:30,0.0,0,0,0,0
2026-08-03,12302,5,GAYA,2026-08-04T04:39:00+05:30,2026-08-04T04:42:00+05:30,2026-08-04T04:27:53+05:30,2026-08-04T04:42:00+05:30,0.0,0,0,0,0
2026-08-03,12302,6,DHN,2026-08-04T06:57:00+05:30,2026-08-04T07:02:00+05:30,2026-08-04T06:49:04+05:30,2026-08-04T07:02:00+05:30,0.0,0,0,0,0
2026-08-03,12302,7,ASN,2026-08-04T07:55:00+05:30,2026-08-04T07:57:00+05:30,2026-08-04T07:53:57+05:30,2026-08-04T07:57:12+05:30,0.20366,0,0,0,0
2026-08-03,12302,8,HWH,2026-08-04T09:55:00+05:30,,2026-08-04T09:57:20+05:30,,,0,0,0,0
2026-08-04,12301,1,HWH,,2026-08-04T16:50:00+05:30,,2026-08-04T17:38:19+05:30,48.32281,,,,
2026-08-04,12301,2,ASN,2026-08-04T18:48:00+05:30,2026-08-04T18:50:00+05:30,2026-08-04T19:35:18+05:30,2026-08-04T19:39:36+05:30,49.61027,0,0,0,0
2026-08-04,12301,3,DHN,2026-08-04T19:43:00+05:30,2026-08-04T19:48:00+05:30,2026-08-04T20:29:51+05:30,2026-08-04T20:42:23+05:30,54.38909,0,0,0,0
2026-08-04,12301,4,GAYA,2026-08-04T22:03:00+05:30,2026-08-04T22:06:00+05:30,2026-08-04T22:50:21+05:30,2026-08-04T22:55:53+05:30,49.89647,0,0,0,0
2026-08-04,12301,5,DDU,2026-08-05T00:35:00+05:30,2026-08-05T00:45:00+05:30,2026-08-05T01:18:54+05:30,2026-08-05T01:31:20+05:30,46.3486,0,0,0,0
2026-08-04,12301,6,PRYJ,2026-08-05T02:28:00+05:30,2026-08-05T02:30:00+05:30,2026-08-05T03:07:40+05:30,2026-08-05T03:13:20+05:30,43.34907,0,0,0,0
2026-08-04,12301,7,CNB,2026-08-05T04:45:00+05:30,2026-08-05T04:50:00+05:30,2026-08-05T05:17:21+05:30,2026-08-05T05:24:36+05:30,34.60327,0,0,0,0
2026-08-04,12301,8,NDLS,2026-08-05T10:00:00+05:30,,2026-08-05T10:30:08+05:30,,,0,0,0,0
2026-08-04,12302,1,NDLS,,2026-08-04T16:55:00+05:30,,2026-08-04T16:58:44+05:30,3.74479,,,,
2026-08-04,12302,2,CNB,2026-08-04T22:00:00+05:30,2026-08-04T22:05:00+05:30,2026-08-04T22:13:42+05:30,2026-08-04T22:22:25+05:30,17.42755,1,0,0,0
2026-08-04,12302,3,PRYJ,2026-08-05T00:15:00+05:30,2026-08-05T00:17:00+05:30,2026-08-05T00:26:11+05:30,2026-08-05T00:29:20+05:30,12.34837,0,0,0,0
2026-08-04,12302,4,DDU,2026-08-05T02:00:00+05:30,2026-08-05T02:10:00+05:30,2026-08-05T02:14:24+05:30,2026-08-05T02:28:13+05:30,18.2189,1,0,0,0
2026-08-04,12302,5,GAYA,2026-08-05T04:39:00+05:30,2026-08-05T04:42:00+05:30,2026-08-05T05:05:09+05:30,2026-08-05T05:10:30+05:30,28.51452,0,0,0,0
2026-08-04,12302,6,DHN,2026-08-05T06:57:00+05:30,2026-08-05T07:02:00+05:30,2026-08-05T07:07:43+05:30,2026-08-05T07:15:30+05:30,13.50204,0,0,0,0
2026-08-04,12302,7,ASN,2026-08-05T07:55:00+05:30,2026-08-05T07:57:00+05:30,2026-08-05T08:07:43+05:30,2026-08-05T08:11:39+05:30,14.65287,0,0,0,0
2026-08-04,12302,8,HWH,2026-08-05T09:55:00+05:30,,2026-08-05T10:01:48+05:30,,,0,0,0,0
2026-08-05,12301,1,HWH,,2026-08-05T16:50:00+05:30,,2026-08-05T16:51:44+05:30,1.73981,,,,
2026-08-05,12301,2,ASN,2026-08-05T18:48:00+05:30,2026-08-05T18:50:00+05:30,2026-08-05T18:40:17+05:30,2026-08-05T18:50:00+05:30,0.0,0,0,0,0
2026-08-05,12301,3,DHN,2026-08-05T19:43:00+05:30,2026-08-05T19:48:00+05:30,2026-08-05T19:38:19+05:30,2026-08-05T19:48:00+05:30,0.0,0,0,0,0
2026-08-05,12301,4,GAYA,2026-08-05T22:03:00+05:30,2026-08-05T22:06:00+05:30,2026-08-05T21:57:25+05:30,2026-08-05T22:06:00+05:30,0.0,0,0,0,0
2026-08-05,12301,5,DDU,2026-08-06T00:35:00+05:30,2026-08-06T00:45:00+05:30,2026-08-06T00:28:09+05:30,2026-08-06T00:45:00+05:30,0.0,0,0,0,0
2026-08-05,12301,6,PRYJ,2026-08-06T02:28:00+05:30,2026-08-06T02:30:00+05:30,2026-08-06T02:15:36+05:30,2026-08-06T02:30:00+05:30,0.0,0,0,0,0
2026-08-05,12301,7,CNB,2026-08-06T04:45:00+05:30,2026-08-06T04:50:00+05:30,2026-08-06T04:39:01+05:30,2026-08-06T04:50:00+05:30,0.0,0,0,0,0
2026-08-05,12301,8,NDLS,2026-08-06T10:00:00+05:30,,2026-08-06T09:40:11+05:30,,,0,0,0,0
2026-08-05,12302,1,NDLS,,2026-08-05T16:55:00+05:30,,2026-08-05T18:01:31+05:30,66.5323,,,,
2026-08-05,12302,2,CNB,2026-08-05T22:00:00+05:30,2026-08-05T22:05:00+05:30,2026-08-05T22:50:40+05:30,2026-08-05T22:59:37+05:30,54.63107,0,0,0,0
2026-08-05,12302,3,PRYJ,2026-08-06T00:15:00+05:30,2026-08-06T00:17:00+05:30,2026-08-06T01:07:32+05:30,2026-08-06T01:11:01+05:30,54.02853,0,0,0,0
2026-08-05,12302,4,DDU,2026-08-06T02:00:00+05:30,2026-08-06T02:10:00+05:30,2026-08-06T02:52:55+05:30,2026-08-06T03:03:18+05:30,53.30021,0,0,0,0
2026-08-05,12302,5,GAYA,2026-08-06T04:39:00+05:30,2026-08-06T04:42:00+05:30,2026-08-06T05:30:44+05:30,2026-08-06T05:34:39+05:30,52.66413,0,0,0,0
2026-08-05,12302,6,DHN,2026-08-06T06:57:00+05:30,2026-08-06T07:02:00+05:30,2026-08-06T07:47:23+05:30,2026-08-06T07:55:46+05:30,53.78314,0,0,0,0
2026-08-05,12302,7,ASN,2026-08-06T07:55:00+05:30,2026-08-06T07:57:00+05:30,2026-08-06T08:45:28+05:30,2026-08-06T08:51:08+05:30,54.1391,0,0,0,0
2026-08-05,12302,8,HWH,2026-08-06T09:55:00+05:30,,2026-08-06T10:42:02+05:30,,,0,0,0,0
2026-08-06,12301,1,HWH,,2026-08-06T16:50:00+05:30,,2026-08-06T16:51:29+05:30,1.49278,,,,
2026-08-06,12301,2,ASN,2026-08-06T18:48:00+05:30,2026-08-06T18:50:00+05:30,2026-08-06T18:35:41+05:30,2026-08-06T18:50:00+05:30,0.0,0,0,0,0
2026-08-06,12301,3,DHN,2026-08-06T19:43:00+05:30,2026-08-06T19:48:00+05:30,2026-08-06T19:39:17+05:30,2026-08-06T19:48:00+05:30,0.0,0,0,0,0
2026-08-06,12301,4,GAYA,2026-08-06T22:03:00+05:30,2026-08-06T22:06:00+05:30,2026-08-06T21:55:21+05:30,2026-08-06T22:11:26+05:30,5.44615,0,0,0,0
2026-08-06,12301,5,DDU,2026-08-07T00:35:00+05:30,2026-08-07T00:45:00+05:30,2026-08-07T00:33:43+05:30,2026-08-07T00:46:46+05:30,1.7788,0,0,0,0
2026-08-06,12301,6,PRYJ,2026-08-07T02:28:00+05:30,2026-08-07T02:30:00+05:30,2026-08-07T02:29:53+05:30,2026-08-07T02:41:53+05:30,11.89252,0,0,0,0
2026-08-06,12301,7,CNB,2026-08-07T04:45:00+05:30,2026-08-07T04:50:00+05:30,2026-08-07T04:40:33+05:30,2026-08-07T04:50:00+05:30,0.0,0,0,0,0
2026-08-06,12301,8,NDLS,2026-08-07T10:00:00+05:30,,2026-08-07T09:34:19+05:30,,,0,0,0,0
2026-08-06,12302,1,NDLS,,2026-08-06T16:55:00+05:30,,2026-08-06T17:10:14+05:30,15.24947,,,,
2026-08-06,12302,2,CNB,2026-08-06T22:00:00+05:30,2026-08-06T22:05:00+05:30,2026-08-06T22:10:12+05:30,2026-08-06T22:15:54+05:30,10.90068,0,0,0,0
2026-08-06,12302,3,PRYJ,2026-08-07T00:15:00+05:30,2026-08-07T00:17:00+05:30,2026-08-07T00:25:06+05:30,2026-08-07T00:30:23+05:30,13.39906,0,0,0,0
2026-08-06,12302,4,DDU,2026-08-07T02:00:00+05:30,2026-08-07T02:10:00+05:30,2026-08-07T02:00:29+05:30,2026-08-07T02:13:05+05:30,3.08762,0,0,0,0
2026-08-06,12302,5,GAYA,2026-08-07T04:39:00+05:30,2026-08-07T04:42:00+05:30,2026-08-07T04:40:21+05:30,2026-08-07T04:45:31+05:30,3.52092,0,0,0,0
2026-08-06,12302,6,DHN,2026-08-07T06:57:00+05:30,2026-08-07T07:02:00+05:30,2026-08-07T06:59:28+05:30,2026-08-07T07:07:12+05:30,5.20945,0,0,0,0
2026-08-06,12302,7,ASN,2026-08-07T07:55:00+05:30,2026-08-07T07:57:00+05:30,2026-08-07T07:51:52+05:30,2026-08-07T07:57:00+05:30,0.0,0,0,0,0
2026-08-06,12302,8,HWH,2026-08-07T09:55:00+05:30,,2026-08-07T09:46:44+05:30,,,0,0,0,0
2026-08-07,12301,1,HWH,,2026-08-07T16:50:00+05:30,,2026-08-07T16:53:58+05:30,3.98072,,,,
2026-08-07,12301,2,ASN,2026-08-07T18:48:00+05:30,2026-08-07T18:50:00+05:30,2026-08-07T18:39:19+05:30,2026-08-07T18:52:16+05:30,2.27335,0,0,0,0
2026-08-07,12301,3,DHN,2026-08-07T19:43:00+05:30,2026-08-07T19:48:00+05:30,2026-08-07T19:41:04+05:30,2026-08-07T19:48:00+05:30,0.0,0,0,0,0
2026-08-07,12301,4,GAYA,2026-08-07T22:03:00+05:30,2026-08-07T22:06:00+05:30,2026-08-07T21:48:16+05:30,2026-08-07T22:06:00+05:30,0.0,0,0,0,0
2026-08-07,12301,5,DDU,2026-08-08T00:35:00+05:30,2026-08-08T00:45:00+05:30,2026-08-08T00:52:27+05:30,2026-08-08T01:02:14+05:30,17.24008,1,0,0,0
2026-08-07,12301,6,PRYJ,2026-08-08T02:28:00+05:30,2026-08-08T02:30:00+05:30,2026-08-08T02:33:50+05:30,2026-08-08T02:36:58+05:30,6.97004,0,0,0,0
2026-08-07,12301,7,CNB,2026-08-08T04:45:00+05:30,2026-08-08T04:50:00+05:30,2026-08-08T04:57:11+05:30,2026-08-08T05:03:06+05:30,13.11001,1,0,0,0
2026-08-07,12301,8,NDLS,2026-08-08T10:00:00+05:30,,2026-08-08T09:41:12+05:30,,,0,0,0,0
2026-08-07,12302,1,NDLS,,2026-08-07T16:55:00+05:30,,2026-08-07T17:42:42+05:30,47.71385,,,,
2026-08-07,12302,2,CNB,2026-08-07T22:00:00+05:30,2026-08-07T22:05:00+05:30,2026-08-07T22:29:05+05:30,2026-08-07T22:36:31+05:30,31.52822,0,0,0,0
2026-08-07,12302,3,PRYJ,2026-08-08T00:15:00+05:30,2026-08-08T00:17:00+05:30,2026-08-08T00:30:28+05:30,2026-08-08T00:35:59+05:30,18.99973,0,0,0,0
2026-08-07,12302,4,DDU,2026-08-08T02:00:00+05:30,2026-08-08T02:10:00+05:30,2026-08-08T02:13:32+05:30,2026-08-08T02:25:34+05:30,15.57632,0,0,0,0
2026-08-07,12302,5,GAYA,2026-08-08T04:39:00+05:30,2026-08-08T04:42:00+05:30,2026-08-08T04:43:48+05:30,2026-08-08T04:49:25+05:30,7.4201,0,0,0,0
2026-08-07,12302,6,DHN,2026-08-08T06:57:00+05:30,2026-08-08T07:02:00+05:30,2026-08-08T06:56:58+05:30,2026-08-08T07:04:06+05:30,2.11209,0,0,0,0
2026-08-07,12302,7,ASN,2026-08-08T07:55:00+05:30,2026-08-08T07:57:00+05:30,2026-08-08T07:53:53+05:30,2026-08-08T07:57:46+05:30,0.78241,0,0,0,0
2026-08-07,12302,8,HWH,2026-08-08T09:55:00+05:30,,2026-08-08T09:48:57+05:30,,,0,0,0,0
2026-08-08,12301,1,HWH,,2026-08-08T16:50:00+05:30,,2026-08-08T16:53:44+05:30,3.7374,,,,
2026-08-08,12301,2,ASN,2026-08-08T18:48:00+05:30,2026-08-08T18:50:00+05:30,2026-08-08T18:40:37+05:30,2026-08-08T18:50:00+05:30,0.0,0,0,0,0
2026-08-08,12301,3,DHN,2026-08-08T19:43:00+05:30,2026-08-08T19:48:00+05:30,2026-08-08T19:55:21+05:30,2026-08-08T20:03:05+05:30,15.08799,0,29.34768,45,0
2026-08-08,12301,4,GAYA,2026-08-08T22:03:00+05:30,2026-08-08T22:06:00+05:30,2026-08-08T22:08:07+05:30,2026-08-08T22:14:57+05:30,8.95813,0,0,0,0
2026-08-08,12301,5,DDU,2026-08-09T00:35:00+05:30,2026-08-09T00:45:00+05:30,2026-08-09T00:38:15+05:30,2026-08-09T00:52:09+05:30,7.15671,0,0,0,0
2026-08-08,12301,6,PRYJ,2026-08-09T02:28:00+05:30,2026-08-09T02:30:00+05:30,2026-08-09T02:28:09+05:30,2026-08-09T02:30:00+05:30,0.0,0,0,0,0
2026-08-08,12301,7,CNB,2026-08-09T04:45:00+05:30,2026-08-09T04:50:00+05:30,2026-08-09T04:42:13+05:30,2026-08-09T04:50:00+05:30,0.0,0,0,0,0
2026-08-08,12301,8,NDLS,2026-08-09T10:00:00+05:30,,2026-08-09T09:51:58+05:30,,,0,0,0,0
2026-08-08,12302,1,NDLS,,2026-08-08T16:55:00+05:30,,2026-08-08T16:56:10+05:30,1.16911,,,,
2026-08-08,12302,2,CNB,2026-08-08T22:00:00+05:30,2026-08-08T22:05:00+05:30,2026-08-08T21:34:49+05:30,2026-08-08T22:05:00+05:30,0.0,0,0,0,0
2026-08-08,12302,3,PRYJ,2026-08-09T00:15:00+05:30,2026-08-09T00:17:00+05:30,2026-08-09T00:09:02+05:30,2026-08-09T00:22:14+05:30,5.23966,0,0,0,0
2026-08-08,12302,4,DDU,2026-08-09T02:00:00+05:30,2026-08-09T02:10:00+05:30,2026-08-09T01:54:35+05:30,2026-08-09T02:10:00+05:30,0.0,0,0,0,0
2026-08-08,12302,5,GAYA,2026-08-09T04:39:00+05:30,2026-08-09T04:42:00+05:30,2026-08-09T04:22:31+05:30,2026-08-09T04:42:00+05:30,0.0,0,0,0,0
2026-08-08,12302,6,DHN,2026-08-09T06:57:00+05:30,2026-08-09T07:02:00+05:30,2026-08-09T07:13:40+05:30,2026-08-09T07:20:57+05:30,18.95399,0,24.53198,45,0
2026-08-08,12302,7,ASN,2026-08-09T07:55:00+05:30,2026-08-09T07:57:00+05:30,2026-08-09T08:13:32+05:30,2026-08-09T08:17:59+05:30,20.98828,0,0,0,0
2026-08-08,12302,8,HWH,2026-08-09T09:55:00+05:30,,2026-08-09T10:07:42+05:30,,,0,0,0,0
2026-08-09,12301,1,HWH,,2026-08-09T16:50:00+05:30,,2026-08-09T16:51:48+05:30,1.81343,,,,
2026-08-09,12301,2,ASN,2026-08-09T18:48:00+05:30,2026-08-09T18:50:00+05:30,2026-08-09T18:47:50+05:30,2026-08-09T18:53:41+05:30,3.68669,0,0,0,0
2026-08-09,12301,3,DHN,2026-08-09T19:43:00+05:30,2026-08-09T19:48:00+05:30,2026-08-09T19:46:05+05:30,2026-08-09T19:50:32+05:30,2.54922,0,0,0,0
2026-08-09,12301,4,GAYA,2026-08-09T22:03:00+05:30,2026-08-09T22:06:00+05:30,2026-08-09T22:01:05+05:30,2026-08-09T22:06:00+05:30,0.0,0,0,0,0
2026-08-09,12301,5,DDU,2026-08-10T00:35:00+05:30,2026-08-10T00:45:00+05:30,2026-08-10T00:30:25+05:30,2026-08-10T00:45:00+05:30,0.0,0,0,0,0
2026-08-09,12301,6,PRYJ,2026-08-10T02:28:00+05:30,2026-08-10T02:30:00+05:30,2026-08-10T02:17:18+05:30,2026-08-10T02:30:00+05:30,0.0,0,0,0,0
2026-08-09,12301,7,CNB,2026-08-10T04:45:00+05:30,2026-08-10T04:50:00+05:30,2026-08-10T04:37:21+05:30,2026-08-10T04:50:00+05:30,0.0,0,0,0,0
2026-08-09,12301,8,NDLS,2026-08-10T10:00:00+05:30,,2026-08-10T10:04:23+05:30,,,0,0,0,0
2026-08-09,12302,1,NDLS,,2026-08-09T16:55:00+05:30,,2026-08-09T17:02:44+05:30,7.74816,,,,
2026-08-09,12302,2,CNB,2026-08-09T22:00:00+05:30,2026-08-09T22:05:00+05:30,2026-08-09T21:58:16+05:30,2026-08-09T22:12:04+05:30,7.06882,0,0,0,0
2026-08-09,12302,3,PRYJ,2026-08-10T00:15:00+05:30,2026-08-10T00:17:00+05:30,2026-08-10T00:08:51+05:30,2026-08-10T00:17:00+05:30,0.0,0,0,0,0
2026-08-09,12302,4,DDU,2026-08-10T02:00:00+05:30,2026-08-10T02:10:00+05:30,2026-08-10T01:53:52+05:30,2026-08-10T02:10:00+05:30,0.0,0,0,0,0
2026-08-09,12302,5,GAYA,2026-08-10T04:39:00+05:30,2026-08-10T04:42:00+05:30,2026-08-10T04:53:12+05:30,2026-08-10T04:58:29+05:30,16.49511,0,0,0,1
2026-08-09,12302,6,DHN,2026-08-10T06:57:00+05:30,2026-08-10T07:02:00+05:30,2026-08-10T07:14:13+05:30,2026-08-10T07:23:12+05:30,21.21515,0,0,0,1
2026-08-09,12302,7,ASN,2026-08-10T07:55:00+05:30,2026-08-10T07:57:00+05:30,2026-08-10T08:24:21+05:30,2026-08-10T08:29:51+05:30,32.85208,0,0,0,1
2026-08-09,12302,8,HWH,2026-08-10T09:55:00+05:30,,2026-08-10T10:32:55+05:30,,,0,0,0,1
2026-08-10,12301,1,HWH,,2026-08-10T16:50:00+05:30,,2026-08-10T16:52:55+05:30,2.92682,,,,
2026-08-10,12301,2,ASN,2026-08-10T18:48:00+05:30,2026-08-10T18:50:00+05:30,2026-08-10T18:38:01+05:30,2026-08-10T18:50:00+05:30,0.0,0,0,0,0
2026-08-10,12301,3,DHN,2026-08-10T19:43:00+05:30,2026-08-10T19:48:00+05:30,2026-08-10T19:40:43+05:30,2026-08-10T19:49:06+05:30,1.11572,0,0,0,0
2026-08-10,12301,4,GAYA,2026-08-10T22:03:00+05:30,2026-08-10T22:06:00+05:30,2026-08-10T21:53:34+05:30,2026-08-10T22:06:00+05:30,0.0,0,0,0,0
2026-08-10,12301,5,DDU,2026-08-11T00:35:00+05:30,2026-08-11T00:45:00+05:30,2026-08-11T00:29:02+05:30,2026-08-11T00:45:00+05:30,0.0,0,0,0,0
2026-08-10,12301,6,PRYJ,2026-08-11T02:28:00+05:30,2026-08-11T02:30:00+05:30,2026-08-11T02:20:19+05:30,2026-08-11T02:30:00+05:30,0.0,0,0,0,0
2026-08-10,12301,7,CNB,2026-08-11T04:45:00+05:30,2026-08-11T04:50:00+05:30,2026-08-11T04:42:22+05:30,2026-08-11T04:50:00+05:30,0.0,0,0,0,0
2026-08-10,12301,8,NDLS,2026-08-11T10:00:00+05:30,,2026-08-11T09:47:25+05:30,,,0,0,0,0
2026-08-10,12302,1,NDLS,,2026-08-10T16:55:00+05:30,,2026-08-10T16:59:46+05:30,4.78312,,,,
2026-08-10,12302,2,CNB,2026-08-10T22:00:00+05:30,2026-08-10T22:05:00+05:30,2026-08-10T22:00:41+05:30,2026-08-10T22:09:23+05:30,4.39005,0,0,0,0
2026-08-10,12302,3,PRYJ,2026-08-11T00:15:00+05:30,2026-08-11T00:17:00+05:30,2026-08-11T00:20:10+05:30,2026-08-11T00:22:44+05:30,5.74459,0,0,0,0
2026-08-10,12302,4,DDU,2026-08-11T02:00:00+05:30,2026-08-11T02:10:00+05:30,2026-08-11T02:01:04+05:30,2026-08-11T02:10:50+05:30,0.84544,0,0,0,0
2026-08-10,12302,5,GAYA,2026-08-11T04:39:00+05:30,2026-08-11T04:42:00+05:30,2026-08-11T04:33:17+05:30,2026-08-11T04:42:00+05:30,0.0,0,0,0,0
2026-08-10,12302,6,DHN,2026-08-11T06:57:00+05:30,2026-08-11T07:02:00+05:30,2026-08-11T06:50:21+05:30,2026-08-11T07:02:00+05:30,0.0,0,0,0,0
2026-08-10,12302,7,ASN,2026-08-11T07:55:00+05:30,2026-08-11T07:57:00+05:30,2026-08-11T07:50:33+05:30,2026-08-11T07:57:00+05:30,0.0,0,0,0,0
2026-08-10,12302,8,HWH,2026-08-11T09:55:00+05:30,,2026-08-11T09:46:02+05:30,,,0,0,0,0
2026-08-11,12301,1,HWH,,2026-08-11T16:50:00+05:30,,2026-08-11T16:50:08+05:30,0.14477,,,,
2026-08-11,12301,2,ASN,2026-08-11T18:48:00+05:30,2026-08-11T18:50:00+05:30,2026-08-11T18:41:00+05:30,2026-08-11T18:55:28+05:30,5.47539,0,0,0,0
2026-08-11,12301,3,DHN,2026-08-11T19:43:00+05:30,2026-08-11T19:48:00+05:30,2026-08-11T19:49:07+05:30,2026-08-11T19:53:34+05:30,5.57825,0,0,0,0
2026-08-11,12301,4,GAYA,2026-08-11T22:03:00+05:30,2026-08-11T22:06:00+05:30,2026-08-11T21:57:24+05:30,2026-08-11T22:06:00+05:30,0.0,0,0,0,0
2026-08-11,12301,5,DDU,2026-08-12T00:35:00+05:30,2026-08-12T00:45:00+05:30,2026-08-12T00:33:24+05:30,2026-08-12T00:45:22+05:30,0.38269,0,0,0,0
2026-08-11,12301,6,PRYJ,2026-08-12T02:28:00+05:30,2026-08-12T02:30:00+05:30,2026-08-12T02:19:33+05:30,2026-08-12T02:30:00+05:30,0.0,0,0,0,0
2026-08-11,12301,7,CNB,2026-08-12T04:45:00+05:30,2026-08-12T04:50:00+05:30,2026-08-12T04:35:23+05:30,2026-08-12T04:50:00+05:30,0.0,0,0,0,0
2026-08-11,12301,8,NDLS,2026-08-12T10:00:00+05:30,,2026-08-12T09:29:09+05:30,,,0,0,0,0
2026-08-11,12302,1,NDLS,,2026-08-11T16:55:00+05:30,,2026-08-11T16:58:23+05:30,3.39109,,,,
2026-08-11,12302,2,CNB,2026-08-11T22:00:00+05:30,2026-08-11T22:05:00+05:30,2026-08-11T21:38:29+05:30,2026-08-11T22:05:00+05:30,0.0,0,0,0,0
2026-08-11,12302,3,PRYJ,2026-08-12T00:15:00+05:30,2026-08-12T00:17:00+05:30,2026-08-12T00:13:47+05:30,2026-08-12T00:17:00+05:30,0.0,0,0,0,0
2026-08-11,12302,4,DDU,2026-08-12T02:00:00+05:30,2026-08-12T02:10:00+05:30,2026-08-12T01:48:20+05:30,2026-08-12T02:10:00+05:30,0.0,0,0,0,0
2026-08-11,12302,5,GAYA,2026-08-12T04:39:00+05:30,2026-08-12T04:42:00+05:30,2026-08-12T04:31:53+05:30,2026-08-12T04:42:00+05:30,0.0,0,0,0,0
2026-08-11,12302,6,DHN,2026-08-12T06:57:00+05:30,2026-08-12T07:02:00+05:30,2026-08-12T06:53:23+05:30,2026-08-12T07:02:00+05:30,0.0,0,0,0,0
2026-08-11,12302,7,ASN,2026-08-12T07:55:00+05:30,2026-08-12T07:57:00+05:30,2026-08-12T07:53:52+05:30,2026-08-12T07:57:01+05:30,0.02069,0,0,0,0
2026-08-11,12302,8,HWH,2026-08-12T09:55:00+05:30,,2026-08-12T09:51:38+05:30,,,0,0,0,0
2026-08-12,12301,1,HWH,,2026-08-12T16:50:00+05:30,,2026-08-12T16:52:01+05:30,2.02516,,,,
2026-08-12,12301,2,ASN,2026-08-12T18:48:00+05:30,2026-08-12T18:50:00+05:30,2026-08-12T18:41:42+05:30,2026-08-12T18:50:00+05:30,0.0,0,0,0,0
2026-08-12,12301,3,DHN,2026-08-12T19:43:00+05:30,2026-08-12T19:48:00+05:30,2026-08-12T19:37:29+05:30,2026-08-12T19:54:35+05:30,6.59384,0,0,0,0
2026-08-12,12301,4,GAYA,2026-08-12T22:03:00+05:30,2026-08-12T22:06:00+05:30,2026-08-12T22:06:23+05:30,2026-08-12T22:08:46+05:30,2.76926,0,0,0,0
2026-08-12,12301,5,DDU,2026-08-13T00:35:00+05:30,2026-08-13T00:45:00+05:30,2026-08-13T00:36:52+05:30,2026-08-13T00:46:50+05:30,1.84645,0,0,0,0
2026-08-12,12301,6,PRYJ,2026-08-13T02:28:00+05:30,2026-08-13T02:30:00+05:30,2026-08-13T02:27:42+05:30,2026-08-13T02:30:00+05:30,0.0,0,0,0,0
2026-08-12,12301,7,CNB,2026-08-13T04:45:00+05:30,2026-08-13T04:50:00+05:30,2026-08-13T04:33:08+05:30,2026-08-13T04:50:00+05:30,0.0,0,0,0,0
2026-08-12,12301,8,NDLS,2026-08-13T10:00:00+05:30,,2026-08-13T10:04:09+05:30,,,0,0,0,0
2026-08-12,12302,1,NDLS,,2026-08-12T16:55:00+05:30,,2026-08-12T16:57:19+05:30,2.31977,,,,
2026-08-12,12302,2,CNB,2026-08-12T22:00:00+05:30,2026-08-12T22:05:00+05:30,2026-08-12T22:03:11+05:30,2026-08-12T22:10:24+05:30,5.40987,0,0,0,0
2026-08-12,12302,3,PRYJ,2026-08-13T00:15:00+05:30,2026-08-13T00:17:00+05:30,2026-08-13T00:14:34+05:30,2026-08-13T00:17:46+05:30,0.76807,0,0,0,0
2026-08-12,12302,4,DDU,2026-08-13T02:00:00+05:30,2026-08-13T02:10:00+05:30,2026-08-13T01:55:45+05:30,2026-08-13T02:10:00+05:30,0.0,0,0,0,0
2026-08-12,12302,5,GAYA,2026-08-13T04:39:00+05:30,2026-08-13T04:42:00+05:30,2026-08-13T04:32:49+05:30,2026-08-13T04:42:00+05:30,0.0,0,0,0,0
2026-08-12,12302,6,DHN,2026-08-13T06:57:00+05:30,2026-08-13T07:02:00+05:30,2026-08-13T06:48:59+05:30,2026-08-13T07:02:00+05:30,0.0,0,0,0,0
2026-08-12,12302,7,ASN,2026-08-13T07:55:00+05:30,2026-08-13T07:57:00+05:30,2026-08-13T07:48:00+05:30,2026-08-13T07:57:00+05:30,0.0,0,0,0,0
2026-08-12,12302,8,HWH,2026-08-13T09:55:00+05:30,,2026-08-13T09:48:51+05:30,,,0,0,0,0
2026-08-13,12301,1,HWH,,2026-08-13T16:50:00+05:30,,2026-08-13T16:54:32+05:30,4.54525,,,,
2026-08-13,12301,2,ASN,2026-08-13T18:48:00+05:30,2026-08-13T18:50:00+05:30,2026-08-13T18:50:17+05:30,2026-08-13T18:55:20+05:30,5.34842,0,0,0,0
2026-08-13,12301,3,DHN,2026-08-13T19:43:00+05:30,2026-08-13T19:48:00+05:30,2026-08-13T19:46:59+05:30,2026-08-13T19:51:24+05:30,3.41196,0,0,0,0
2026-08-13,12301,4,GAYA,2026-08-13T22:03:00+05:30,2026-08-13T22:06:00+05:30,2026-08-13T21:50:09+05:30,2026-08-13T22:06:00+05:30,0.0,0,0,0,0
2026-08-13,12301,5,DDU,2026-08-14T00:35:00+05:30,2026-08-14T00:45:00+05:30,2026-08-14T00:13:02+05:30,2026-08-14T00:45:00+05:30,0.0,0,0,0,0
2026-08-13,12301,6,PRYJ,2026-08-14T02:28:00+05:30,2026-08-14T02:30:00+05:30,2026-08-14T02:24:22+05:30,2026-08-14T02:30:00+05:30,0.0,0,0,0,0
2026-08-13,12301,7,CNB,2026-08-14T04:45:00+05:30,2026-08-14T04:50:00+05:30,2026-08-14T04:34:20+05:30,2026-08-14T04:50:00+05:30,0.0,0,0,0,0
2026-08-13,12301,8,NDLS,2026-08-14T10:00:00+05:30,,2026-08-14T09:45:51+05:30,,,0,0,0,0
2026-08-13,12302,1,NDLS,,2026-08-13T16:55:00+05:30,,2026-08-13T16:55:45+05:30,0.75187,,,,
2026-08-13,12302,2,CNB,2026-08-13T22:00:00+05:30,2026-08-13T22:05:00+05:30,2026-08-13T21:43:33+05:30,2026-08-13T22:05:00+05:30,0.0,0,0,0,0
2026-08-13,12302,3,PRYJ,2026-08-14T00:15:00+05:30,2026-08-14T00:17:00+05:30,2026-08-14T00:12:05+05:30,2026-08-14T00:17:00+05:30,0.0,0,0,0,0
2026-08-13,12302,4,DDU,2026-08-14T02:00:00+05:30,2026-08-14T02:10:00+05:30,2026-08-14T01:56:05+05:30,2026-08-14T02:10:00+05:30,0.0,0,0,0,0
2026-08-13,12302,5,GAYA,2026-08-14T04:39:00+05:30,2026-08-14T04:42:00+05:30,2026-08-14T04:59:01+05:30,2026-08-14T05:03:08+05:30,21.1458,0,0,0,1
2026-08-13,12302,6,DHN,2026-08-14T06:57:00+05:30,2026-08-14T07:02:00+05:30,2026-08-14T07:18:00+05:30,2026-08-14T07:23:04+05:30,21.07519,0,0,0,1
2026-08-13,12302,7,ASN,2026-08-14T07:55:00+05:30,2026-08-14T07:57:00+05:30,2026-08-14T08:46:44+05:30,2026-08-14T08:50:16+05:30,53.2726,0,26.88857,30,1
2026-08-13,12302,8,HWH,2026-08-14T09:55:00+05:30,,2026-08-14T11:06:09+05:30,,,0,0,0,1
2026-08-14,12301,1,HWH,,2026-08-14T16:50:00+05:30,,2026-08-14T16:54:22+05:30,4.38196,,,,
2026-08-14,12301,2,ASN,2026-08-14T18:48:00+05:30,2026-08-14T18:50:00+05:30,2026-08-14T18:40:32+05:30,2026-08-14T18:50:00+05:30,0.0,0,0,0,0
2026-08-14,12301,3,DHN,2026-08-14T19:43:00+05:30,2026-08-14T19:48:00+05:30,2026-08-14T19:34:30+05:30,2026-08-14T19:48:00+05:30,0.0,0,0,0,0
2026-08-14,12301,4,GAYA,2026-08-14T22:03:00+05:30,2026-08-14T22:06:00+05:30,2026-08-14T21:56:09+05:30,2026-08-14T22:06:00+05:30,0.0,0,0,0,0
2026-08-14,12301,5,DDU,2026-08-15T00:35:00+05:30,2026-08-15T00:45:00+05:30,2026-08-15T00:43:24+05:30,2026-08-15T00:56:19+05:30,11.3327,1,0,0,0
2026-08-14,12301,6,PRYJ,2026-08-15T02:28:00+05:30,2026-08-15T02:30:00+05:30,2026-08-15T02:28:49+05:30,2026-08-15T02:32:02+05:30,2.03632,0,0,0,0
2026-08-14,12301,7,CNB,2026-08-15T04:45:00+05:30,2026-08-15T04:50:00+05:30,2026-08-15T04:54:55+05:30,2026-08-15T05:01:01+05:30,11.02233,1,0,0,0
2026-08-14,12301,8,NDLS,2026-08-15T10:00:00+05:30,,2026-08-15T09:35:19+05:30,,,0,0,0,0
2026-08-14,12302,1,NDLS,,2026-08-14T16:55:00+05:30,,2026-08-14T16:57:24+05:30,2.40295,,,,
2026-08-14,12302,2,CNB,2026-08-14T22:00:00+05:30,2026-08-14T22:05:00+05:30,2026-08-14T21:38:07+05:30,2026-08-14T22:05:00+05:30,0.0,0,0,0,0
2026-08-14,12302,3,PRYJ,2026-08-15T00:15:00+05:30,2026-08-15T00:17:00+05:30,2026-08-14T23:59:51+05:30,2026-08-15T00:17:00+05:30,0.0,0,0,0,0
2026-08-14,12302,4,DDU,2026-08-15T02:00:00+05:30,2026-08-15T02:10:00+05:30,2026-08-15T01:56:42+05:30,2026-08-15T02:10:08+05:30,0.13614,0,0,0,0
2026-08-14,12302,5,GAYA,2026-08-15T04:39:00+05:30,2026-08-15T04:42:00+05:30,2026-08-15T04:26:41+05:30,2026-08-15T04:42:00+05:30,0.0,0,0,0,0
2026-08-14,12302,6,DHN,2026-08-15T06:57:00+05:30,2026-08-15T07:02:00+05:30,2026-08-15T06:49:42+05:30,2026-08-15T07:02:00+05:30,0.0,0,0,0,0
2026-08-14,12302,7,ASN,2026-08-15T07:55:00+05:30,2026-08-15T07:57:00+05:30,2026-08-15T07:51:44+05:30,2026-08-15T07:57:19+05:30,0.3262,0,0,0,0
2026-08-14,12302,8,HWH,2026-08-15T09:55:00+05:30,,2026-08-15T09:53:14+05:30,,,0,0,0,0
2026-08-15,12301,1,HWH,,2026-08-15T16:50:00+05:30,,2026-08-15T17:06:43+05:30,16.72775,,,,
2026-08-15,12301,2,ASN,2026-08-15T18:48:00+05:30,2026-08-15T18:50:00+05:30,2026-08-15T19:00:49+05:30,2026-08-15T19:04:51+05:30,14.86643,0,0,0,0
2026-08-15,12301,3,DHN,2026-08-15T19:43:00+05:30,2026-08-15T19:48:00+05:30,2026-08-15T20:01:13+05:30,2026-08-15T20:06:25+05:30,18.41975,0,0,0,0
2026-08-15,12301,4,GAYA,2026-08-15T22:03:00+05:30,2026-08-15T22:06:00+05:30,2026-08-15T22:07:14+05:30,2026-08-15T22:09:33+05:30,3.55105,0,0,0,0
2026-08-15,12301,5,DDU,2026-08-16T00:35:00+05:30,2026-08-16T00:45:00+05:30,2026-08-16T00:43:09+05:30,2026-08-16T00:55:18+05:30,10.31403,1,0,0,0
2026-08-15,12301,6,PRYJ,2026-08-16T02:28:00+05:30,2026-08-16T02:30:00+05:30,2026-08-16T02:34:37+05:30,2026-08-16T02:37:23+05:30,7.38836,0,0,0,0
2026-08-15,12301,7,CNB,2026-08-16T04:45:00+05:30,2026-08-16T04:50:00+05:30,2026-08-16T05:00:44+05:30,2026-08-16T05:07:21+05:30,17.3544,1,0,0,0
2026-08-15,12301,8,NDLS,2026-08-16T10:00:00+05:30,,2026-08-16T10:02:09+05:30,,,0,0,0,0
2026-08-15,12302,1,NDLS,,2026-08-15T16:55:00+05:30,,2026-08-15T16:55:06+05:30,0.10167,,,,
2026-08-15,12302,2,CNB,2026-08-15T22:00:00+05:30,2026-08-15T22:05:00+05:30,2026-08-15T21:36:46+05:30,2026-08-15T22:05:00+05:30,0.0,0,0,0,0
2026-08-15,12302,3,PRYJ,2026-08-16T00:15:00+05:30,2026-08-16T00:17:00+05:30,2026-08-16T00:03:06+05:30,2026-08-16T00:17:00+05:30,0.0,0,0,0,0
2026-08-15,12302,4,DDU,2026-08-16T02:00:00+05:30,2026-08-16T02:10:00+05:30,2026-08-16T02:01:52+05:30,2026-08-16T02:11:32+05:30,1.53817,0,0,0,0
2026-08-15,12302,5,GAYA,2026-08-16T04:39:00+05:30,2026-08-16T04:42:00+05:30,2026-08-16T04:51:44+05:30,2026-08-16T04:58:38+05:30,16.64502,0,0,0,1
2026-08-15,12302,6,DHN,2026-08-16T06:57:00+05:30,2026-08-16T07:02:00+05:30,2026-08-16T07:08:36+05:30,2026-08-16T07:16:11+05:30,14.19413,0,0,0,1
2026-08-15,12302,7,ASN,2026-08-16T07:55:00+05:30,2026-08-16T07:57:00+05:30,2026-08-16T08:16:47+05:30,2026-08-16T08:19:22+05:30,22.37736,0,0,0,1
2026-08-15,12302,8,HWH,2026-08-16T09:55:00+05:30,,2026-08-16T10:42:10+05:30,,,0,0,0,1
2026-08-16,12301,1,HWH,,2026-08-16T16:50:00+05:30,,2026-08-16T16:50:10+05:30,0.1831,,,,
2026-08-16,12301,2,ASN,2026-08-16T18:48:00+05:30,2026-08-16T18:50:00+05:30,2026-08-16T18:35:06+05:30,2026-08-16T18:50:00+05:30,0.0,0,0,0,0
2026-08-16,12301,3,DHN,2026-08-16T19:43:00+05:30,2026-08-16T19:48:00+05:30,2026-08-16T19:37:53+05:30,2026-08-16T19:48:00+05:30,0.0,0,0,0,0
2026-08-16,12301,4,GAYA,2026-08-16T22:03:00+05:30,2026-08-16T22:06:00+05:30,2026-08-16T21:55:59+05:30,2026-08-16T22:06:00+05:30,0.0,0,0,0,0
2026-08-16,12301,5,DDU,2026-08-17T00:35:00+05:30,2026-08-17T00:45:00+05:30,2026-08-17T00:29:22+05:30,2026-08-17T00:45:00+05:30,0.0,0,0,0,0
2026-08-16,12301,6,PRYJ,2026-08-17T02:28:00+05:30,2026-08-17T02:30:00+05:30,2026-08-17T02:23:55+05:30,2026-08-17T02:30:00+05:30,0.0,0,0,0,0
2026-08-16,12301,7,CNB,2026-08-17T04:45:00+05:30,2026-08-17T04:50:00+05:30,2026-08-17T04:35:24+05:30,2026-08-17T04:50:00+05:30,0.0,0,0,0,0
2026-08-16,12301,8,NDLS,2026-08-17T10:00:00+05:30,,2026-08-17T09:52:29+05:30,,,0,0,0,0
2026-08-16,12302,1,NDLS,,2026-08-16T16:55:00+05:30,,2026-08-16T16:58:38+05:30,3.63407,,,,
2026-08-16,12302,2,CNB,2026-08-16T22:00:00+05:30,2026-08-16T22:05:00+05:30,2026-08-16T21:56:40+05:30,2026-08-16T22:14:20+05:30,9.33785,0,0,0,0
2026-08-16,12302,3,PRYJ,2026-08-17T00:15:00+05:30,2026-08-17T00:17:00+05:30,2026-08-17T00:09:33+05:30,2026-08-17T00:22:17+05:30,5.29372,0,0,0,0
2026-08-16,12302,4,DDU,2026-08-17T02:00:00+05:30,2026-08-17T02:10:00+05:30,2026-08-17T02:00:47+05:30,2026-08-17T02:11:59+05:30,1.9878,0,0,0,0
2026-08-16,12302,5,GAYA,2026-08-17T04:39:00+05:30,2026-08-17T04:42:00+05:30,2026-08-17T04:26:54+05:30,2026-08-17T04:42:00+05:30,0.0,0,0,0,0
2026-08-16,12302,6,DHN,2026-08-17T06:57:00+05:30,2026-08-17T07:02:00+05:30,2026-08-17T06:45:58+05:30,2026-08-17T07:02:00+05:30,0.0,0,0,0,0
2026-08-16,12302,7,ASN,2026-08-17T07:55:00+05:30,2026-08-17T07:57:00+05:30,2026-08-17T07:51:40+05:30,2026-08-17T07:57:00+05:30,0.0,0,0,0,0
2026-08-16,12302,8,HWH,2026-08-17T09:55:00+05:30,,2026-08-17T09:56:18+05:30,,,0,0,0,0
2026-08-17,12301,1,HWH,,2026-08-17T16:50:00+05:30,,2026-08-17T16:50:55+05:30,0.93024,,,,
2026-08-17,12301,2,ASN,2026-08-17T18:48:00+05:30,2026-08-17T18:50:00+05:30,2026-08-17T18:44:34+05:30,2026-08-17T18:50:00+05:30,0.0,0,0,0,0
2026-08-17,12301,3,DHN,2026-08-17T19:43:00+05:30,2026-08-17T19:48:00+05:30,2026-08-17T19:40:44+05:30,2026-08-17T19:48:00+05:30,0.0,0,0,0,0
2026-08-17,12301,4,GAYA,2026-08-17T22:03:00+05:30,2026-08-17T22:06:00+05:30,2026-08-17T21:53:20+05:30,2026-08-17T22:06:00+05:30,0.0,0,0,0,0
2026-08-17,12301,5,DDU,2026-08-18T00:35:00+05:30,2026-08-18T00:45:00+05:30,2026-08-18T01:03:28+05:30,2026-08-18T01:15:49+05:30,30.81925,1,0,0,0
2026-08-17,12301,6,PRYJ,2026-08-18T02:28:00+05:30,2026-08-18T02:30:00+05:30,2026-08-18T02:52:52+05:30,2026-08-18T02:54:39+05:30,24.65729,0,0,0,0
2026-08-17,12301,7,CNB,2026-08-18T04:45:00+05:30,2026-08-18T04:50:00+05:30,2026-08-18T05:18:50+05:30,2026-08-18T05:24:39+05:30,34.65297,1,0,0,0
2026-08-17,12301,8,NDLS,2026-08-18T10:00:00+05:30,,2026-08-18T10:32:21+05:30,,,0,0,0,0
2026-08-17,12302,1,NDLS,,2026-08-17T16:55:00+05:30,,2026-08-17T16:56:48+05:30,1.80448,,,,
2026-08-17,12302,2,CNB,2026-08-17T22:00:00+05:30,2026-08-17T22:05:00+05:30,2026-08-17T21:30:19+05:30,2026-08-17T22:05:00+05:30,0.0,0,0,0,0
2026-08-17,12302,3,PRYJ,2026-08-18T00:15:00+05:30,2026-08-18T00:17:00+05:30,2026-08-18T00:06:22+05:30,2026-08-18T00:17:00+05:30,0.0,0,0,0,0
2026-08-17,12302,4,DDU,2026-08-18T02:00:00+05:30,2026-08-18T02:10:00+05:30,2026-08-18T01:51:20+05:30,2026-08-18T02:10:11+05:30,0.19301,0,0,0,0
2026-08-17,12302,5,GAYA,2026-08-18T04:39:00+05:30,2026-08-18T04:42:00+05:30,2026-08-18T04:36:28+05:30,2026-08-18T04:42:00+05:30,0.0,0,0,0,0
2026-08-17,12302,6,DHN,2026-08-18T06:57:00+05:30,2026-08-18T07:02:00+05:30,2026-08-18T06:58:14+05:30,2026-08-18T07:02:53+05:30,0.8866,0,0,0,0
2026-08-17,12302,7,ASN,2026-08-18T07:55:00+05:30,2026-08-18T07:57:00+05:30,2026-08-18T07:56:15+05:30,2026-08-18T07:58:46+05:30,1.78018,0,0,0,0
2026-08-17,12302,8,HWH,2026-08-18T09:55:00+05:30,,2026-08-18T09:50:41+05:30,,,0,0,0,0
2026-08-18,12301,1,HWH,,2026-08-18T16:50:00+05:30,,2026-08-18T16:54:44+05:30,4.73742,,,,
2026-08-18,12301,2,ASN,2026-08-18T18:48:00+05:30,2026-08-18T18:50:00+05:30,2026-08-18T18:46:06+05:30,2026-08-18T18:50:13+05:30,0.23164,0,0,0,0
2026-08-18,12301,3,DHN,2026-08-18T19:43:00+05:30,2026-08-18T19:48:00+05:30,2026-08-18T19:37:48+05:30,2026-08-18T19:48:00+05:30,0.0,0,0,0,0
2026-08-18,12301,4,GAYA,2026-08-18T22:03:00+05:30,2026-08-18T22:06:00+05:30,2026-08-18T21:59:12+05:30,2026-08-18T22:06:00+05:30,0.0,0,0,0,0
2026-08-18,12301,5,DDU,2026-08-19T00:35:00+05:30,2026-08-19T00:45:00+05:30,2026-08-19T00:46:09+05:30,2026-08-19T01:11:06+05:30,26.11201,1,0,0,0
2026-08-18,12301,6,PRYJ,2026-08-19T02:28:00+05:30,2026-08-19T02:30:00+05:30,2026-08-19T02:50:44+05:30,2026-08-19T02:54:35+05:30,24.59671,0,0,0,0
2026-08-18,12301,7,CNB,2026-08-19T04:45:00+05:30,2026-08-19T04:50:00+05:30,2026-08-19T05:22:16+05:30,2026-08-19T05:29:00+05:30,39.00517,1,0,0,0
2026-08-18,12301,8,NDLS,2026-08-19T10:00:00+05:30,,2026-08-19T10:16:48+05:30,,,0,0,0,0
2026-08-18,12302,1,NDLS,,2026-08-18T16:55:00+05:30,,2026-08-18T16:57:16+05:30,2.26772,,,,
2026-08-18,12302,2,CNB,2026-08-18T22:00:00+05:30,2026-08-18T22:05:00+05:30,2026-08-18T21:56:06+05:30,2026-08-18T22:05:00+05:30,0.0,0,0,0,0
2026-08-18,12302,3,PRYJ,2026-08-19T00:15:00+05:30,2026-08-19T00:17:00+05:30,2026-08-19T00:07:08+05:30,2026-08-19T00:17:00+05:30,0.0,0,0,0,0
2026-08-18,12302,4,DDU,2026-08-19T02:00:00+05:30,2026-08-19T02:10:00+05:30,2026-08-19T02:06:16+05:30,2026-08-19T02:17:50+05:30,7.8471,0,0,0,0
2026-08-18,12302,5,GAYA,2026-08-19T04:39:00+05:30,2026-08-19T04:42:00+05:30,2026-08-19T04:38:21+05:30,2026-08-19T04:52:40+05:30,10.67307,0,0,0,0
2026-08-18,12302,6,DHN,2026-08-19T06:57:00+05:30,2026-08-19T07:02:00+05:30,2026-08-19T07:07:42+05:30,2026-08-19T07:13:47+05:30,11.79813,0,0,0,0
2026-08-18,12302,7,ASN,2026-08-19T07:55:00+05:30,2026-08-19T07:57:00+05:30,2026-08-19T08:08:08+05:30,2026-08-19T08:12:45+05:30,15.75134,0,0,0,0
2026-08-18,12302,8,HWH,2026-08-19T09:55:00+05:30,,2026-08-19T09:52:03+05:30,,,0,0,0,0
2026-08-19,12301,1,HWH,,2026-08-19T16:50:00+05:30,,2026-08-19T17:48:00+05:30,58.00891,,,,
2026-08-19,12301,2,ASN,2026-08-19T18:48:00+05:30,2026-08-19T18:50:00+05:30,2026-08-19T19:35:31+05:30,2026-08-19T19:46:24+05:30,56.40928,0,0,0,0
2026-08-19,12301,3,DHN,2026-08-19T19:43:00+05:30,2026-08-19T19:48:00+05:30,2026-08-19T20:37:28+05:30,2026-08-19T20:45:41+05:30,57.68405,0,0,0,0
2026-08-19,12301,4,GAYA,2026-08-19T22:03:00+05:30,2026-08-19T22:06:00+05:30,2026-08-19T22:52:33+05:30,2026-08-19T22:55:13+05:30,49.22596,0,0,0,0
2026-08-19,12301,5,DDU,2026-08-20T00:35:00+05:30,2026-08-20T00:45:00+05:30,2026-08-20T01:29:11+05:30,2026-08-20T01:47:20+05:30,62.34399,1,0,0,0
2026-08-19,12301,6,PRYJ,2026-08-20T02:28:00+05:30,2026-08-20T02:30:00+05:30,2026-08-20T03:27:16+05:30,2026-08-20T03:31:01+05:30,61.01815,0,0,0,0
2026-08-19,12301,7,CNB,2026-08-20T04:45:00+05:30,2026-08-20T04:50:00+05:30,2026-08-20T06:05:01+05:30,2026-08-20T06:09:30+05:30,79.51343,1,0,0,0
2026-08-19,12301,8,NDLS,2026-08-20T10:00:00+05:30,,2026-08-20T11:13:12+05:30,,,0,0,0,0
2026-08-19,12302,1,NDLS,,2026-08-19T16:55:00+05:30,,2026-08-19T16:57:00+05:30,2.00694,,,,
2026-08-19,12302,2,CNB,2026-08-19T22:00:00+05:30,2026-08-19T22:05:00+05:30,2026-08-19T22:08:11+05:30,2026-08-19T22:13:49+05:30,8.82352,0,19.13977,30,0
2026-08-19,12302,3,PRYJ,2026-08-20T00:15:00+05:30,2026-08-20T00:17:00+05:30,2026-08-20T00:19:10+05:30,2026-08-20T00:21:40+05:30,4.67052,0,0,0,0
2026-08-19,12302,4,DDU,2026-08-20T02:00:00+05:30,2026-08-20T02:10:00+05:30,2026-08-20T02:01:42+05:30,2026-08-20T02:13:22+05:30,3.36935,0,0,0,0
2026-08-19,12302,5,GAYA,2026-08-20T04:39:00+05:30,2026-08-20T04:42:00+05:30,2026-08-20T05:00:12+05:30,2026-08-20T05:07:06+05:30,25.1125,0,0,0,1
2026-08-19,12302,6,DHN,2026-08-20T06:57:00+05:30,2026-08-20T07:02:00+05:30,2026-08-20T07:40:44+05:30,2026-08-20T07:56:30+05:30,54.50997,0,0,0,1
2026-08-19,12302,7,ASN,2026-08-20T07:55:00+05:30,2026-08-20T07:57:00+05:30,2026-08-20T08:59:13+05:30,2026-08-20T09:03:50+05:30,66.83575,0,0,0,1
2026-08-19,12302,8,HWH,2026-08-20T09:55:00+05:30,,2026-08-20T11:10:40+05:30,,,0,0,0,1
2026-08-20,12301,1,HWH,,2026-08-20T16:50:00+05:30,,2026-08-20T16:58:41+05:30,8.69439,,,,
2026-08-20,12301,2,ASN,2026-08-20T18:48:00+05:30,2026-08-20T18:50:00+05:30,2026-08-20T18:49:30+05:30,2026-08-20T18:51:15+05:30,1.2648,0,0,0,0
2026-08-20,12301,3,DHN,2026-08-20T19:43:00+05:30,2026-08-20T19:48:00+05:30,2026-08-20T19:41:11+05:30,2026-08-20T19:49:03+05:30,1.06393,0,0,0,0
2026-08-20,12301,4,GAYA,2026-08-20T22:03:00+05:30,2026-08-20T22:06:00+05:30,2026-08-20T22:01:02+05:30,2026-08-20T22:06:00+05:30,0.0,0,0,0,0
2026-08-20,12301,5,DDU,2026-08-21T00:35:00+05:30,2026-08-21T00:45:00+05:30,2026-08-21T00:23:01+05:30,2026-08-21T00:45:00+05:30,0.0,0,0,0,0
2026-08-20,12301,6,PRYJ,2026-08-21T02:28:00+05:30,2026-08-21T02:30:00+05:30,2026-08-21T02:37:56+05:30,2026-08-21T02:40:42+05:30,10.70521,0,0,0,1
2026-08-20,12301,7,CNB,2026-08-21T04:45:00+05:30,2026-08-21T04:50:00+05:30,2026-08-21T05:24:47+05:30,2026-08-21T05:32:15+05:30,42.25122,0,0,0,1
2026-08-20,12301,8,NDLS,2026-08-21T10:00:00+05:30,,2026-08-21T10:50:26+05:30,,,0,0,0,1
2026-08-20,12302,1,NDLS,,2026-08-20T16:55:00+05:30,,2026-08-20T17:42:51+05:30,47.85687,,,,
2026-08-20,12302,2,CNB,2026-08-20T22:00:00+05:30,2026-08-20T22:05:00+05:30,2026-08-20T22:34:13+05:30,2026-08-20T22:39:58+05:30,34.96812,0,0,0,0
2026-08-20,12302,3,PRYJ,2026-08-21T00:15:00+05:30,2026-08-21T00:17:00+05:30,2026-08-21T00:45:58+05:30,2026-08-21T00:50:21+05:30,33.36248,0,0,0,0
2026-08-20,12302,4,DDU,2026-08-21T02:00:00+05:30,2026-08-21T02:10:00+05:30,2026-08-21T02:33:55+05:30,2026-08-21T02:47:01+05:30,37.02066,0,0,0,0
2026-08-20,12302,5,GAYA,2026-08-21T04:39:00+05:30,2026-08-21T04:42:00+05:30,2026-08-21T05:11:04+05:30,2026-08-21T05:16:38+05:30,34.6467,0,0,0,0
2026-08-20,12302,6,DHN,2026-08-21T06:57:00+05:30,2026-08-21T07:02:00+05:30,2026-08-21T07:26:42+05:30,2026-08-21T07:31:59+05:30,29.98437,0,0,0,0
2026-08-20,12302,7,ASN,2026-08-21T07:55:00+05:30,2026-08-21T07:57:00+05:30,2026-08-21T08:14:48+05:30,2026-08-21T08:19:16+05:30,22.28272,0,0,0,0
2026-08-20,12302,8,HWH,2026-08-21T09:55:00+05:30,,2026-08-21T10:09:47+05:30,,,0,0,0,0
2026-08-21,12301,1,HWH,,2026-08-21T16:50:00+05:30,,2026-08-21T16:51:12+05:30,1.21229,,,,
2026-08-21,12301,2,ASN,2026-08-21T18:48:00+05:30,2026-08-21T18:50:00+05:30,2026-08-21T18:32:31+05:30,2026-08-21T18:50:00+05:30,0.0,0,0,0,0
2026-08-21,12301,3,DHN,2026-08-21T19:43:00+05:30,2026-08-21T19:48:00+05:30,2026-08-21T19:39:51+05:30,2026-08-21T19:48:00+05:30,0.0,0,0,0,0
2026-08-21,12301,4,GAYA,2026-08-21T22:03:00+05:30,2026-08-21T22:06:00+05:30,2026-08-21T22:01:57+05:30,2026-08-21T22:06:20+05:30,0.34889,0,0,0,0
2026-08-21,12301,5,DDU,2026-08-22T00:35:00+05:30,2026-08-22T00:45:00+05:30,2026-08-22T00:30:05+05:30,2026-08-22T00:45:00+05:30,0.0,0,0,0,0
2026-08-21,12301,6,PRYJ,2026-08-22T02:28:00+05:30,2026-08-22T02:30:00+05:30,2026-08-22T02:30:01+05:30,2026-08-22T02:33:41+05:30,3.69504,0,0,0,0
2026-08-21,12301,7,CNB,2026-08-22T04:45:00+05:30,2026-08-22T04:50:00+05:30,2026-08-22T04:49:19+05:30,2026-08-22T04:57:53+05:30,7.88546,0,0,0,0
2026-08-21,12301,8,NDLS,2026-08-22T10:00:00+05:30,,2026-08-22T10:07:57+05:30,,,0,0,0,0
2026-08-21,12302,1,NDLS,,2026-08-21T16:55:00+05:30,,2026-08-21T17:48:49+05:30,53.81967,,,,
2026-08-21,12302,2,CNB,2026-08-21T22:00:00+05:30,2026-08-21T22:05:00+05:30,2026-08-21T23:01:33+05:30,2026-08-21T23:18:54+05:30,73.91596,0,0,0,0
2026-08-21,12302,3,PRYJ,2026-08-22T00:15:00+05:30,2026-08-22T00:17:00+05:30,2026-08-22T01:28:18+05:30,2026-08-22T01:32:01+05:30,75.02844,0,0,0,0
2026-08-21,12302,4,DDU,2026-08-22T02:00:00+05:30,2026-08-22T02:10:00+05:30,2026-08-22T03:20:13+05:30,2026-08-22T03:31:34+05:30,81.56727,0,0,0,0
2026-08-21,12302,5,GAYA,2026-08-22T04:39:00+05:30,2026-08-22T04:42:00+05:30,2026-08-22T05:53:03+05:30,2026-08-22T05:55:59+05:30,73.98633,0,0,0,0
2026-08-21,12302,6,DHN,2026-08-22T06:57:00+05:30,2026-08-22T07:02:00+05:30,2026-08-22T08:16:16+05:30,2026-08-22T08:24:03+05:30,82.05769,0,0,0,0
2026-08-21,12302,7,ASN,2026-08-22T07:55:00+05:30,2026-08-22T07:57:00+05:30,2026-08-22T09:24:48+05:30,2026-08-22T09:26:14+05:30,89.2382,0,0,0,0
2026-08-21,12302,8,HWH,2026-08-22T09:55:00+05:30,,2026-08-22T11:12:43+05:30,,,0,0,0,0
2026-08-22,12301,1,HWH,,2026-08-22T16:50:00+05:30,,2026-08-22T16:51:14+05:30,1.24024,,,,
2026-08-22,12301,2,ASN,2026-08-22T18:48:00+05:30,2026-08-22T18:50:00+05:30,2026-08-22T18:45:31+05:30,2026-08-22T18:50:00+05:30,0.0,0,0,0,0
2026-08-22,12301,3,DHN,2026-08-22T19:43:00+05:30,2026-08-22T19:48:00+05:30,2026-08-22T19:44:56+05:30,2026-08-22T19:49:14+05:30,1.24543,0,0,0,0
2026-08-22,12301,4,GAYA,2026-08-22T22:03:00+05:30,2026-08-22T22:06:00+05:30,2026-08-22T21:50:33+05:30,2026-08-22T22:06:00+05:30,0.0,0,0,0,0
2026-08-22,12301,5,DDU,2026-08-23T00:35:00+05:30,2026-08-23T00:45:00+05:30,2026-08-23T00:26:56+05:30,2026-08-23T00:45:00+05:30,0.0,0,0,0,0
2026-08-22,12301,6,PRYJ,2026-08-23T02:28:00+05:30,2026-08-23T02:30:00+05:30,2026-08-23T02:18:34+05:30,2026-08-23T02:30:00+05:30,0.0,0,0,0,0
2026-08-22,12301,7,CNB,2026-08-23T04:45:00+05:30,2026-08-23T04:50:00+05:30,2026-08-23T04:38:45+05:30,2026-08-23T04:50:00+05:30,0.0,0,0,0,0
2026-08-22,12301,8,NDLS,2026-08-23T10:00:00+05:30,,2026-08-23T09:36:31+05:30,,,0,0,0,0
2026-08-22,12302,1,NDLS,,2026-08-22T16:55:00+05:30,,2026-08-22T16:56:05+05:30,1.09206,,,,
2026-08-22,12302,2,CNB,2026-08-22T22:00:00+05:30,2026-08-22T22:05:00+05:30,2026-08-22T21:34:17+05:30,2026-08-22T22:05:00+05:30,0.0,0,0,0,0
2026-08-22,12302,3,PRYJ,2026-08-23T00:15:00+05:30,2026-08-23T00:17:00+05:30,2026-08-23T00:01:37+05:30,2026-08-23T00:17:00+05:30,0.0,0,0,0,0
2026-08-22,12302,4,DDU,2026-08-23T02:00:00+05:30,2026-08-23T02:10:00+05:30,2026-08-23T01:54:30+05:30,2026-08-23T02:10:00+05:30,0.0,0,0,0,0
2026-08-22,12302,5,GAYA,2026-08-23T04:39:00+05:30,2026-08-23T04:42:00+05:30,2026-08-23T04:33:06+05:30,2026-08-23T04:46:36+05:30,4.6019,0,0,0,0
2026-08-22,12302,6,DHN,2026-08-23T06:57:00+05:30,2026-08-23T07:02:00+05:30,2026-08-23T06:59:43+05:30,2026-08-23T07:05:59+05:30,3.99972,0,0,0,0
2026-08-22,12302,7,ASN,2026-08-23T07:55:00+05:30,2026-08-23T07:57:00+05:30,2026-08-23T07:58:34+05:30,2026-08-23T08:03:36+05:30,6.61093,0,0,0,0
2026-08-22,12302,8,HWH,2026-08-23T09:55:00+05:30,,2026-08-23T09:55:35+05:30,,,0,0,0,0
2026-08-23,12301,1,HWH,,2026-08-23T16:50:00+05:30,,2026-08-23T17:13:38+05:30,23.64511,,,,
2026-08-23,12301,2,ASN,2026-08-23T18:48:00+05:30,2026-08-23T18:50:00+05:30,2026-08-23T19:09:51+05:30,2026-08-23T19:11:12+05:30,21.20244,0,0,0,0
2026-08-23,12301,3,DHN,2026-08-23T19:43:00+05:30,2026-08-23T19:48:00+05:30,2026-08-23T19:58:49+05:30,2026-08-23T20:04:52+05:30,16.87487,0,0,0,0
2026-08-23,12301,4,GAYA,2026-08-23T22:03:00+05:30,2026-08-23T22:06:00+05:30,2026-08-23T22:21:22+05:30,2026-08-23T22:25:28+05:30,19.47756,0,0,0,0
2026-08-23,12301,5,DDU,2026-08-24T00:35:00+05:30,2026-08-24T00:45:00+05:30,2026-08-24T00:43:55+05:30,2026-08-24T00:57:15+05:30,12.26662,0,0,0,0
2026-08-23,12301,6,PRYJ,2026-08-24T02:28:00+05:30,2026-08-24T02:30:00+05:30,2026-08-24T02:47:27+05:30,2026-08-24T02:51:43+05:30,21.73102,0,0,0,1
2026-08-23,12301,7,CNB,2026-08-24T04:45:00+05:30,2026-08-24T04:50:00+05:30,2026-08-24T05:10:23+05:30,2026-08-24T05:17:02+05:30,27.03474,0,0,0,1
2026-08-23,12301,8,NDLS,2026-08-24T10:00:00+05:30,,2026-08-24T10:41:04+05:30,,,0,0,0,1
2026-08-23,12302,1,NDLS,,2026-08-23T16:55:00+05:30,,2026-08-23T16:57:43+05:30,2.72223,,,,
2026-08-23,12302,2,CNB,2026-08-23T22:00:00+05:30,2026-08-23T22:05:00+05:30,2026-08-23T21:54:26+05:30,2026-08-23T22:05:00+05:30,0.0,1,0,0,0
2026-08-23,12302,3,PRYJ,2026-08-24T00:15:00+05:30,2026-08-24T00:17:00+05:30,2026-08-24T00:04:49+05:30,2026-08-24T00:17:00+05:30,0.0,0,0,0,0
2026-08-23,12302,4,DDU,2026-08-24T02:00:00+05:30,2026-08-24T02:10:00+05:30,2026-08-24T01:57:55+05:30,2026-08-24T02:16:36+05:30,6.61133,1,0,0,0
2026-08-23,12302,5,GAYA,2026-08-24T04:39:00+05:30,2026-08-24T04:42:00+05:30,2026-08-24T04:46:27+05:30,2026-08-24T04:50:27+05:30,8.46642,0,0,0,0
2026-08-23,12302,6,DHN,2026-08-24T06:57:00+05:30,2026-08-24T07:02:00+05:30,2026-08-24T06:56:34+05:30,2026-08-24T07:13:25+05:30,11.4256,0,0,0,0
2026-08-23,12302,7,ASN,2026-08-24T07:55:00+05:30,2026-08-24T07:57:00+05:30,2026-08-24T08:04:11+05:30,2026-08-24T08:06:47+05:30,9.78704,0,0,0,0
2026-08-23,12302,8,HWH,2026-08-24T09:55:00+05:30,,2026-08-24T09:54:11+05:30,,,0,0,0,0
2026-08-24,12301,1,HWH,,2026-08-24T16:50:00+05:30,,2026-08-24T16:51:30+05:30,1.50882,,,,
2026-08-24,12301,2,ASN,2026-08-24T18:48:00+05:30,2026-08-24T18:50:00+05:30,2026-08-24T18:35:36+05:30,2026-08-24T18:50:00+05:30,0.0,0,0,0,0
2026-08-24,12301,3,DHN,2026-08-24T19:43:00+05:30,2026-08-24T19:48:00+05:30,2026-08-24T19:39:43+05:30,2026-08-24T19:53:55+05:30,5.91842,0,0,0,0
2026-08-24,12301,4,GAYA,2026-08-24T22:03:00+05:30,2026-08-24T22:06:00+05:30,2026-08-24T21:59:39+05:30,2026-08-24T22:06:00+05:30,0.0,0,0,0,0
2026-08-24,12301,5,DDU,2026-08-25T00:35:00+05:30,2026-08-25T00:45:00+05:30,2026-08-25T00:27:27+05:30,2026-08-25T00:45:00+05:30,0.0,0,0,0,0
2026-08-24,12301,6,PRYJ,2026-08-25T02:28:00+05:30,2026-08-25T02:30:00+05:30,2026-08-25T02:21:00+05:30,2026-08-25T02:30:00+05:30,0.0,0,0,0,0
2026-08-24,12301,7,CNB,2026-08-25T04:45:00+05:30,2026-08-25T04:50:00+05:30,2026-08-25T04:52:00+05:30,2026-08-25T04:58:47+05:30,8.78881,0,18.25355,45,0
2026-08-24,12301,8,NDLS,2026-08-25T10:00:00+05:30,,2026-08-25T09:47:13+05:30,,,0,0,0,0
2026-08-24,12302,1,NDLS,,2026-08-24T16:55:00+05:30,,2026-08-24T17:21:10+05:30,26.17833,,,,
2026-08-24,12302,2,CNB,2026-08-24T22:00:00+05:30,2026-08-24T22:05:00+05:30,2026-08-24T22:33:08+05:30,2026-08-24T22:47:58+05:30,42.97081,1,0,0,0
2026-08-24,12302,3,PRYJ,2026-08-25T00:15:00+05:30,2026-08-25T00:17:00+05:30,2026-08-25T00:50:32+05:30,2026-08-25T00:52:35+05:30,35.58434,0,0,0,0
2026-08-24,12302,4,DDU,2026-08-25T02:00:00+05:30,2026-08-25T02:10:00+05:30,2026-08-25T02:49:22+05:30,2026-08-25T02:59:25+05:30,49.4323,1,0,0,0
2026-08-24,12302,5,GAYA,2026-08-25T04:39:00+05:30,2026-08-25T04:42:00+05:30,2026-08-25T05:23:20+05:30,2026-08-25T05:29:54+05:30,47.91529,0,0,0,0
2026-08-24,12302,6,DHN,2026-08-25T06:57:00+05:30,2026-08-25T07:02:00+05:30,2026-08-25T07:33:16+05:30,2026-08-25T07:39:15+05:30,37.265,0,0,0,0
2026-08-24,12302,7,ASN,2026-08-25T07:55:00+05:30,2026-08-25T07:57:00+05:30,2026-08-25T08:39:35+05:30,2026-08-25T08:41:54+05:30,44.9024,0,22.97443,45,0
2026-08-24,12302,8,HWH,2026-08-25T09:55:00+05:30,,2026-08-25T10:37:46+05:30,,,0,0,0,0
2026-08-25,12301,1,HWH,,2026-08-25T16:50:00+05:30,,2026-08-25T16:54:54+05:30,4.90659,,,,
2026-08-25,12301,2,ASN,2026-08-25T18:48:00+05:30,2026-08-25T18:50:00+05:30,2026-08-25T18:40:38+05:30,2026-08-25T18:50:00+05:30,0.0,0,0,0,0
2026-08-25,12301,3,DHN,2026-08-25T19:43:00+05:30,2026-08-25T19:48:00+05:30,2026-08-25T19:40:39+05:30,2026-08-25T19:49:19+05:30,1.33223,0,0,0,0
2026-08-25,12301,4,GAYA,2026-08-25T22:03:00+05:30,2026-08-25T22:06:00+05:30,2026-08-25T21:57:57+05:30,2026-08-25T22:06:00+05:30,0.0,0,0,0,0
2026-08-25,12301,5,DDU,2026-08-26T00:35:00+05:30,2026-08-26T00:45:00+05:30,2026-08-26T00:29:44+05:30,2026-08-26T00:45:00+05:30,0.0,0,0,0,0
2026-08-25,12301,6,PRYJ,2026-08-26T02:28:00+05:30,2026-08-26T02:30:00+05:30,2026-08-26T02:24:05+05:30,2026-08-26T02:30:00+05:30,0.0,0,0,0,0
2026-08-25,12301,7,CNB,2026-08-26T04:45:00+05:30,2026-08-26T04:50:00+05:30,2026-08-26T04:24:17+05:30,2026-08-26T04:50:00+05:30,0.0,0,0,0,0
2026-08-25,12301,8,NDLS,2026-08-26T10:00:00+05:30,,2026-08-26T09:34:52+05:30,,,0,0,0,0
2026-08-25,12302,1,NDLS,,2026-08-25T16:55:00+05:30,,2026-08-25T16:58:12+05:30,3.20905,,,,
2026-08-25,12302,2,CNB,2026-08-25T22:00:00+05:30,2026-08-25T22:05:00+05:30,2026-08-25T22:18:12+05:30,2026-08-25T22:26:25+05:30,21.42287,1,10.12768,30,0
2026-08-25,12302,3,PRYJ,2026-08-26T00:15:00+05:30,2026-08-26T00:17:00+05:30,2026-08-26T00:36:21+05:30,2026-08-26T00:39:13+05:30,22.23247,0,0,0,0
2026-08-25,12302,4,DDU,2026-08-26T02:00:00+05:30,2026-08-26T02:10:00+05:30,2026-08-26T02:36:50+05:30,2026-08-26T02:48:15+05:30,38.2507,1,0,0,0
2026-08-25,12302,5,GAYA,2026-08-26T04:39:00+05:30,2026-08-26T04:42:00+05:30,2026-08-26T05:01:50+05:30,2026-08-26T05:06:29+05:30,24.49665,0,0,0,0
2026-08-25,12302,6,DHN,2026-08-26T06:57:00+05:30,2026-08-26T07:02:00+05:30,2026-08-26T07:19:40+05:30,2026-08-26T07:23:45+05:30,21.76231,0,0,0,0
2026-08-25,12302,7,ASN,2026-08-26T07:55:00+05:30,2026-08-26T07:57:00+05:30,2026-08-26T08:16:38+05:30,2026-08-26T08:24:13+05:30,27.21828,0,0,0,0
2026-08-25,12302,8,HWH,2026-08-26T09:55:00+05:30,,2026-08-26T10:04:13+05:30,,,0,0,0,0
2026-08-26,12301,1,HWH,,2026-08-26T16:50:00+05:30,,2026-08-26T16:54:04+05:30,4.07607,,,,
2026-08-26,12301,2,ASN,2026-08-26T18:48:00+05:30,2026-08-26T18:50:00+05:30,2026-08-26T18:33:25+05:30,2026-08-26T18:50:00+05:30,0.0,0,0,0,0
2026-08-26,12301,3,DHN,2026-08-26T19:43:00+05:30,2026-08-26T19:48:00+05:30,2026-08-26T19:38:36+05:30,2026-08-26T19:48:00+05:30,0.0,0,0,0,0
2026-08-26,12301,4,GAYA,2026-08-26T22:03:00+05:30,2026-08-26T22:06:00+05:30,2026-08-26T22:01:58+05:30,2026-08-26T22:11:48+05:30,5.80187,0,0,0,0
2026-08-26,12301,5,DDU,2026-08-27T00:35:00+05:30,2026-08-27T00:45:00+05:30,2026-08-27T00:30:22+05:30,2026-08-27T00:45:00+05:30,0.0,0,0,0,0
2026-08-26,12301,6,PRYJ,2026-08-27T02:28:00+05:30,2026-08-27T02:30:00+05:30,2026-08-27T02:18:35+05:30,2026-08-27T02:30:00+05:30,0.0,0,0,0,0
2026-08-26,12301,7,CNB,2026-08-27T04:45:00+05:30,2026-08-27T04:50:00+05:30,2026-08-27T04:28:53+05:30,2026-08-27T04:50:00+05:30,0.0,0,0,0,0
2026-08-26,12301,8,NDLS,2026-08-27T10:00:00+05:30,,2026-08-27T09:51:48+05:30,,,0,0,0,0
2026-08-26,12302,1,NDLS,,2026-08-26T16:55:00+05:30,,2026-08-26T16:59:37+05:30,4.62792,,,,
2026-08-26,12302,2,CNB,2026-08-26T22:00:00+05:30,2026-08-26T22:05:00+05:30,2026-08-26T22:13:16+05:30,2026-08-26T22:22:04+05:30,17.07871,1,0,0,0
2026-08-26,12302,3,PRYJ,2026-08-27T00:15:00+05:30,2026-08-27T00:17:00+05:30,2026-08-27T00:26:57+05:30,2026-08-27T00:28:20+05:30,11.34281,0,0,0,0
2026-08-26,12302,4,DDU,2026-08-27T02:00:00+05:30,2026-08-27T02:10:00+05:30,2026-08-27T02:22:00+05:30,2026-08-27T02:32:56+05:30,22.94595,1,0,0,0
2026-08-26,12302,5,GAYA,2026-08-27T04:39:00+05:30,2026-08-27T04:42:00+05:30,2026-08-27T04:51:34+05:30,2026-08-27T04:58:30+05:30,16.51481,0,0,0,0
2026-08-26,12302,6,DHN,2026-08-27T06:57:00+05:30,2026-08-27T07:02:00+05:30,2026-08-27T07:03:54+05:30,2026-08-27T07:20:50+05:30,18.84106,0,0,0,0
2026-08-26,12302,7,ASN,2026-08-27T07:55:00+05:30,2026-08-27T07:57:00+05:30,2026-08-27T08:10:09+05:30,2026-08-27T08:15:55+05:30,18.92609,0,0,0,0
2026-08-26,12302,8,HWH,2026-08-27T09:55:00+05:30,,2026-08-27T10:16:06+05:30,,,0,0,0,0
2026-08-27,12301,1,HWH,,2026-08-27T16:50:00+05:30,,2026-08-27T16:51:21+05:30,1.36664,,,,
2026-08-27,12301,2,ASN,2026-08-27T18:48:00+05:30,2026-08-27T18:50:00+05:30,2026-08-27T18:42:04+05:30,2026-08-27T18:55:42+05:30,5.70438,0,0,0,0
2026-08-27,12301,3,DHN,2026-08-27T19:43:00+05:30,2026-08-27T19:48:00+05:30,2026-08-27T19:48:50+05:30,2026-08-27T20:02:28+05:30,14.47905,0,0,0,0
2026-08-27,12301,4,GAYA,2026-08-27T22:03:00+05:30,2026-08-27T22:06:00+05:30,2026-08-27T22:08:15+05:30,2026-08-27T22:11:50+05:30,5.84663,0,0,0,0
2026-08-27,12301,5,DDU,2026-08-28T00:35:00+05:30,2026-08-28T00:45:00+05:30,2026-08-28T00:21:05+05:30,2026-08-28T00:45:00+05:30,0.0,0,0,0,0
2026-08-27,12301,6,PRYJ,2026-08-28T02:28:00+05:30,2026-08-28T02:30:00+05:30,2026-08-28T02:21:43+05:30,2026-08-28T02:30:00+05:30,0.0,0,0,0,0
2026-08-27,12301,7,CNB,2026-08-28T04:45:00+05:30,2026-08-28T04:50:00+05:30,2026-08-28T04:38:20+05:30,2026-08-28T04:50:00+05:30,0.0,0,0,0,0
2026-08-27,12301,8,NDLS,2026-08-28T10:00:00+05:30,,2026-08-28T09:26:58+05:30,,,0,0,0,0
2026-08-27,12302,1,NDLS,,2026-08-27T16:55:00+05:30,,2026-08-27T16:56:27+05:30,1.45924,,,,
2026-08-27,12302,2,CNB,2026-08-27T22:00:00+05:30,2026-08-27T22:05:00+05:30,2026-08-27T21:52:32+05:30,2026-08-27T22:05:00+05:30,0.0,0,0,0,0
2026-08-27,12302,3,PRYJ,2026-08-28T00:15:00+05:30,2026-08-28T00:17:00+05:30,2026-08-28T00:02:24+05:30,2026-08-28T00:17:00+05:30,0.0,0,0,0,0
2026-08-27,12302,4,DDU,2026-08-28T02:00:00+05:30,2026-08-28T02:10:00+05:30,2026-08-28T01:51:36+05:30,2026-08-28T02:10:00+05:30,0.0,0,0,0,0
2026-08-27,12302,5,GAYA,2026-08-28T04:39:00+05:30,2026-08-28T04:42:00+05:30,2026-08-28T04:50:47+05:30,2026-08-28T04:55:54+05:30,13.90861,0,0,0,1
2026-08-27,12302,6,DHN,2026-08-28T06:57:00+05:30,2026-08-28T07:02:00+05:30,2026-08-28T07:13:29+05:30,2026-08-28T07:19:01+05:30,17.02125,0,0,0,1
2026-08-27,12302,7,ASN,2026-08-28T07:55:00+05:30,2026-08-28T07:57:00+05:30,2026-08-28T08:11:08+05:30,2026-08-28T08:13:48+05:30,16.81515,0,0,0,1
2026-08-27,12302,8,HWH,2026-08-28T09:55:00+05:30,,2026-08-28T10:31:18+05:30,,,0,0,0,1
2026-08-28,12301,1,HWH,,2026-08-28T16:50:00+05:30,,2026-08-28T16:51:36+05:30,1.60333,,,,
2026-08-28,12301,2,ASN,2026-08-28T18:48:00+05:30,2026-08-28T18:50:00+05:30,2026-08-28T18:51:18+05:30,2026-08-28T18:55:46+05:30,5.77839,0,0,0,0
2026-08-28,12301,3,DHN,2026-08-28T19:43:00+05:30,2026-08-28T19:48:00+05:30,2026-08-28T19:45:48+05:30,2026-08-28T19:51:01+05:30,3.01769,0,0,0,0
2026-08-28,12301,4,GAYA,2026-08-28T22:03:00+05:30,2026-08-28T22:06:00+05:30,2026-08-28T22:00:54+05:30,2026-08-28T22:06:00+05:30,0.0,0,0,0,0
2026-08-28,12301,5,DDU,2026-08-29T00:35:00+05:30,2026-08-29T00:45:00+05:30,2026-08-29T00:28:39+05:30,2026-08-29T00:45:00+05:30,0.0,0,0,0,0
2026-08-28,12301,6,PRYJ,2026-08-29T02:28:00+05:30,2026-08-29T02:30:00+05:30,2026-08-29T02:21:09+05:30,2026-08-29T02:30:00+05:30,0.0,0,0,0,0
2026-08-28,12301,7,CNB,2026-08-29T04:45:00+05:30,2026-08-29T04:50:00+05:30,2026-08-29T04:41:23+05:30,2026-08-29T04:50:00+05:30,0.0,0,0,0,0
2026-08-28,12301,8,NDLS,2026-08-29T10:00:00+05:30,,2026-08-29T09:31:21+05:30,,,0,0,0,0
2026-08-28,12302,1,NDLS,,2026-08-28T16:55:00+05:30,,2026-08-28T16:58:17+05:30,3.29331,,,,
2026-08-28,12302,2,CNB,2026-08-28T22:00:00+05:30,2026-08-28T22:05:00+05:30,2026-08-28T22:16:10+05:30,2026-08-28T22:22:10+05:30,17.17869,1,0,0,0
2026-08-28,12302,3,PRYJ,2026-08-29T00:15:00+05:30,2026-08-29T00:17:00+05:30,2026-08-29T00:28:10+05:30,2026-08-29T00:33:08+05:30,16.13349,0,0,0,0
2026-08-28,12302,4,DDU,2026-08-29T02:00:00+05:30,2026-08-29T02:10:00+05:30,2026-08-29T02:27:08+05:30,2026-08-29T02:49:42+05:30,39.70741,1,0,0,0
2026-08-28,12302,5,GAYA,2026-08-29T04:39:00+05:30,2026-08-29T04:42:00+05:30,2026-08-29T05:09:03+05:30,2026-08-29T05:11:16+05:30,29.28257,0,0,0,0
2026-08-28,12302,6,DHN,2026-08-29T06:57:00+05:30,2026-08-29T07:02:00+05:30,2026-08-29T07:25:33+05:30,2026-08-29T07:31:33+05:30,29.56147,0,0,0,0
2026-08-28,12302,7,ASN,2026-08-29T07:55:00+05:30,2026-08-29T07:57:00+05:30,2026-08-29T08:23:31+05:30,2026-08-29T08:25:49+05:30,28.81989,0,0,0,0
2026-08-28,12302,8,HWH,2026-08-29T09:55:00+05:30,,2026-08-29T10:17:46+05:30,,,0,0,0,0
2026-08-29,12301,1,HWH,,2026-08-29T16:50:00+05:30,,2026-08-29T16:52:52+05:30,2.87618,,,,
2026-08-29,12301,2,ASN,2026-08-29T18:48:00+05:30,2026-08-29T18:50:00+05:30,2026-08-29T18:41:38+05:30,2026-08-29T18:50:00+05:30,0.0,0,0,0,0
2026-08-29,12301,3,DHN,2026-08-29T19:43:00+05:30,2026-08-29T19:48:00+05:30,2026-08-29T19:39:40+05:30,2026-08-29T19:48:29+05:30,0.48587,0,0,0,0
2026-08-29,12301,4,GAYA,2026-08-29T22:03:00+05:30,2026-08-29T22:06:00+05:30,2026-08-29T22:03:35+05:30,2026-08-29T22:07:51+05:30,1.86272,0,0,0,0
2026-08-29,12301,5,DDU,2026-08-30T00:35:00+05:30,2026-08-30T00:45:00+05:30,2026-08-30T00:31:08+05:30,2026-08-30T00:45:00+05:30,0.0,0,0,0,0
2026-08-29,12301,6,PRYJ,2026-08-30T02:28:00+05:30,2026-08-30T02:30:00+05:30,2026-08-30T02:22:54+05:30,2026-08-30T02:30:00+05:30,0.0,0,0,0,0
2026-08-29,12301,7,CNB,2026-08-30T04:45:00+05:30,2026-08-30T04:50:00+05:30,2026-08-30T04:44:50+05:30,2026-08-30T04:52:04+05:30,2.07964,0,0,0,0
2026-08-29,12301,8,NDLS,2026-08-30T10:00:00+05:30,,2026-08-30T09:40:25+05:30,,,0,0,0,0
2026-08-29,12302,1,NDLS,,2026-08-29T16:55:00+05:30,,2026-08-29T16:55:48+05:30,0.80068,,,,
2026-08-29,12302,2,CNB,2026-08-29T22:00:00+05:30,2026-08-29T22:05:00+05:30,2026-08-29T21:52:04+05:30,2026-08-29T22:05:00+05:30,0.0,1,0,0,0
2026-08-29,12302,3,PRYJ,2026-08-30T00:15:00+05:30,2026-08-30T00:17:00+05:30,2026-08-30T00:00:22+05:30,2026-08-30T00:17:00+05:30,0.0,0,0,0,0
2026-08-29,12302,4,DDU,2026-08-30T02:00:00+05:30,2026-08-30T02:10:00+05:30,2026-08-30T02:06:11+05:30,2026-08-30T02:18:57+05:30,8.95494,1,0,0,0
2026-08-29,12302,5,GAYA,2026-08-30T04:39:00+05:30,2026-08-30T04:42:00+05:30,2026-08-30T04:40:27+05:30,2026-08-30T04:43:23+05:30,1.38608,0,0,0,0
2026-08-29,12302,6,DHN,2026-08-30T06:57:00+05:30,2026-08-30T07:02:00+05:30,2026-08-30T06:55:16+05:30,2026-08-30T07:02:00+05:30,0.0,0,0,0,0
2026-08-29,12302,7,ASN,2026-08-30T07:55:00+05:30,2026-08-30T07:57:00+05:30,2026-08-30T07:49:58+05:30,2026-08-30T07:57:00+05:30,0.0,0,0,0,0
2026-08-29,12302,8,HWH,2026-08-30T09:55:00+05:30,,2026-08-30T09:42:45+05:30,,,0,0,0,0
2026-08-30,12301,1,HWH,,2026-08-30T16:50:00+05:30,,2026-08-30T17:10:26+05:30,20.43407,,,,
2026-08-30,12301,2,ASN,2026-08-30T18:48:00+05:30,2026-08-30T18:50:00+05:30,2026-08-30T19:05:00+05:30,2026-08-30T19:06:35+05:30,16.59737,0,0,0,0
2026-08-30,12301,3,DHN,2026-08-30T19:43:00+05:30,2026-08-30T19:48:00+05:30,2026-08-30T19:55:52+05:30,2026-08-30T20:03:20+05:30,15.34288,0,0,0,0
2026-08-30,12301,4,GAYA,2026-08-30T22:03:00+05:30,2026-08-30T22:06:00+05:30,2026-08-30T22:12:28+05:30,2026-08-30T22:15:23+05:30,9.39596,0,0,0,0
2026-08-30,12301,5,DDU,2026-08-31T00:35:00+05:30,2026-08-31T00:45:00+05:30,2026-08-31T00:41:48+05:30,2026-08-31T00:54:02+05:30,9.04225,0,0,0,0
2026-08-30,12301,6,PRYJ,2026-08-31T02:28:00+05:30,2026-08-31T02:30:00+05:30,2026-08-31T02:29:56+05:30,2026-08-31T02:32:31+05:30,2.52233,0,0,0,0
2026-08-30,12301,7,CNB,2026-08-31T04:45:00+05:30,2026-08-31T04:50:00+05:30,2026-08-31T04:34:48+05:30,2026-08-31T04:50:00+05:30,0.0,0,0,0,0
2026-08-30,12301,8,NDLS,2026-08-31T10:00:00+05:30,,2026-08-31T09:59:07+05:30,,,0,0,0,0
2026-08-30,12302,1,NDLS,,2026-08-30T16:55:00+05:30,,2026-08-30T16:58:25+05:30,3.42348,,,,
2026-08-30,12302,2,CNB,2026-08-30T22:00:00+05:30,2026-08-30T22:05:00+05:30,2026-08-30T21:33:29+05:30,2026-08-30T22:05:00+05:30,0.0,0,0,0,0
2026-08-30,12302,3,PRYJ,2026-08-31T00:15:00+05:30,2026-08-31T00:17:00+05:30,2026-08-31T00:04:39+05:30,2026-08-31T00:17:00+05:30,0.0,0,0,0,0
2026-08-30,12302,4,DDU,2026-08-31T02:00:00+05:30,2026-08-31T02:10:00+05:30,2026-08-31T02:00:54+05:30,2026-08-31T02:13:44+05:30,3.74383,0,0,0,0
2026-08-30,12302,5,GAYA,2026-08-31T04:39:00+05:30,2026-08-31T04:42:00+05:30,2026-08-31T04:34:36+05:30,2026-08-31T04:42:00+05:30,0.0,0,0,0,0
2026-08-30,12302,6,DHN,2026-08-31T06:57:00+05:30,2026-08-31T07:02:00+05:30,2026-08-31T06:58:01+05:30,2026-08-31T07:02:14+05:30,0.23523,0,0,0,0
2026-08-30,12302,7,ASN,2026-08-31T07:55:00+05:30,2026-08-31T07:57:00+05:30,2026-08-31T07:53:44+05:30,2026-08-31T07:58:53+05:30,1.8932,0,0,0,0
2026-08-30,12302,8,HWH,2026-08-31T09:55:00+05:30,,2026-08-31T09:48:08+05:30,,,0,0,0,0
2026-08-31,12301,1,HWH,,2026-08-31T16:50:00+05:30,,2026-08-31T17:46:59+05:30,56.98394,,,,
2026-08-31,12301,2,ASN,2026-08-31T18:48:00+05:30,2026-08-31T18:50:00+05:30,2026-08-31T19:44:12+05:30,2026-08-31T19:49:15+05:30,59.265,0,0,0,0
2026-08-31,12301,3,DHN,2026-08-31T19:43:00+05:30,2026-08-31T19:48:00+05:30,2026-08-31T20:36:45+05:30,2026-08-31T20:44:18+05:30,56.31117,0,0,0,0
2026-08-31,12301,4,GAYA,2026-08-31T22:03:00+05:30,2026-08-31T22:06:00+05:30,2026-08-31T22:49:34+05:30,2026-08-31T23:00:03+05:30,54.0587,0,0,0,0
2026-08-31,12301,5,DDU,2026-09-01T00:35:00+05:30,2026-09-01T00:45:00+05:30,2026-09-01T01:20:01+05:30,2026-09-01T01:31:43+05:30,46.72614,0,0,0,0
2026-08-31,12301,6,PRYJ,2026-09-01T02:28:00+05:30,2026-09-01T02:30:00+05:30,2026-09-01T03:10:16+05:30,2026-09-01T03:15:33+05:30,45.56167,0,0,0,0
2026-08-31,12301,7,CNB,2026-09-01T04:45:00+05:30,2026-09-01T04:50:00+05:30,2026-09-01T05:28:19+05:30,2026-09-01T05:32:48+05:30,42.8046,0,0,0,0
2026-08-31,12301,8,NDLS,2026-09-01T10:00:00+05:30,,2026-09-01T10:51:09+05:30,,,0,0,0,0
2026-08-31,12302,1,NDLS,,2026-08-31T16:55:00+05:30,,2026-08-31T17:03:10+05:30,8.1722,,,,
2026-08-31,12302,2,CNB,2026-08-31T22:00:00+05:30,2026-08-31T22:05:00+05:30,2026-08-31T21:50:39+05:30,2026-08-31T22:05:00+05:30,0.0,0,0,0,0
2026-08-31,12302,3,PRYJ,2026-09-01T00:15:00+05:30,2026-09-01T00:17:00+05:30,2026-09-01T00:04:58+05:30,2026-09-01T00:17:00+05:30,0.0,0,0,0,0
2026-08-31,12302,4,DDU,2026-09-01T02:00:00+05:30,2026-09-01T02:10:00+05:30,2026-09-01T01:54:16+05:30,2026-09-01T02:16:16+05:30,6.278,0,0,0,0
2026-08-31,12302,5,GAYA,2026-09-01T04:39:00+05:30,2026-09-01T04:42:00+05:30,2026-09-01T04:37:40+05:30,2026-09-01T04:44:25+05:30,2.42274,0,0,0,0
2026-08-31,12302,6,DHN,2026-09-01T06:57:00+05:30,2026-09-01T07:02:00+05:30,2026-09-01T06:44:27+05:30,2026-09-01T07:02:00+05:30,0.0,0,0,0,0
2026-08-31,12302,7,ASN,2026-09-01T07:55:00+05:30,2026-09-01T07:57:00+05:30,2026-09-01T07:49:29+05:30,2026-09-01T08:01:01+05:30,4.02231,0,0,0,0
2026-08-31,12302,8,HWH,2026-09-01T09:55:00+05:30,,2026-09-01T09:51:03+05:30,,,0,0,0,0
2026-09-01,12301,1,HWH,,2026-09-01T16:50:00+05:30,,2026-09-01T16:51:03+05:30,1.05926,,,,
2026-09-01,12301,2,ASN,2026-09-01T18:48:00+05:30,2026-09-01T18:50:00+05:30,2026-09-01T18:39:10+05:30,2026-09-01T18:50:00+05:30,0.0,0,0,0,0
2026-09-01,12301,3,DHN,2026-09-01T19:43:00+05:30,2026-09-01T19:48:00+05:30,2026-09-01T19:36:43+05:30,2026-09-01T19:48:00+05:30,0.0,0,0,0,0
2026-09-01,12301,4,GAYA,2026-09-01T22:03:00+05:30,2026-09-01T22:06:00+05:30,2026-09-01T22:00:40+05:30,2026-09-01T22:16:35+05:30,10.59419,0,0,0,0
2026-09-01,12301,5,DDU,2026-09-02T00:35:00+05:30,2026-09-02T00:45:00+05:30,2026-09-02T00:39:00+05:30,2026-09-02T00:51:27+05:30,6.45004,0,0,0,0
2026-09-01,12301,6,PRYJ,2026-09-02T02:28:00+05:30,2026-09-02T02:30:00+05:30,2026-09-02T02:34:36+05:30,2026-09-02T02:36:59+05:30,6.98455,0,0,0,0
2026-09-01,12301,7,CNB,2026-09-02T04:45:00+05:30,2026-09-02T04:50:00+05:30,2026-09-02T04:49:13+05:30,2026-09-02T04:55:04+05:30,5.0833,0,0,0,0
2026-09-01,12301,8,NDLS,2026-09-02T10:00:00+05:30,,2026-09-02T09:34:21+05:30,,,0,0,0,0
2026-09-01,12302,1,NDLS,,2026-09-01T16:55:00+05:30,,2026-09-01T16:56:10+05:30,1.17072,,,,
2026-09-01,12302,2,CNB,2026-09-01T22:00:00+05:30,2026-09-01T22:05:00+05:30,2026-09-01T21:57:19+05:30,2026-09-01T22:05:00+05:30,0.0,1,0,0,0
2026-09-01,12302,3,PRYJ,2026-09-02T00:15:00+05:30,2026-09-02T00:17:00+05:30,2026-09-01T23:59:40+05:30,2026-09-02T00:17:00+05:30,0.0,0,0,0,0
2026-09-01,12302,4,DDU,2026-09-02T02:00:00+05:30,2026-09-02T02:10:00+05:30,2026-09-02T01:53:59+05:30,2026-09-02T02:10:00+05:30,0.0,1,0,0,0
2026-09-01,12302,5,GAYA,2026-09-02T04:39:00+05:30,2026-09-02T04:42:00+05:30,2026-09-02T04:22:15+05:30,2026-09-02T04:42:00+05:30,0.0,0,0,0,0
2026-09-01,12302,6,DHN,2026-09-02T06:57:00+05:30,2026-09-02T07:02:00+05:30,2026-09-02T07:00:14+05:30,2026-09-02T07:04:54+05:30,2.90542,0,0,0,0
2026-09-01,12302,7,ASN,2026-09-02T07:55:00+05:30,2026-09-02T07:57:00+05:30,2026-09-02T07:52:57+05:30,2026-09-02T07:57:12+05:30,0.20521,0,0,0,0
2026-09-01,12302,8,HWH,2026-09-02T09:55:00+05:30,,2026-09-02T09:50:58+05:30,,,0,0,0,0
2026-09-02,12301,1,HWH,,2026-09-02T16:50:00+05:30,,2026-09-02T16:50:45+05:30,0.75687,,,,
2026-09-02,12301,2,ASN,2026-09-02T18:48:00+05:30,2026-09-02T18:50:00+05:30,2026-09-02T18:43:16+05:30,2026-09-02T18:50:00+05:30,0.0,0,0,0,0
2026-09-02,12301,3,DHN,2026-09-02T19:43:00+05:30,2026-09-02T19:48:00+05:30,2026-09-02T19:44:50+05:30,2026-09-02T19:50:25+05:30,2.42131,0,0,0,0
2026-09-02,12301,4,GAYA,2026-09-02T22:03:00+05:30,2026-09-02T22:06:00+05:30,2026-09-02T21:59:39+05:30,2026-09-02T22:06:00+05:30,0.0,0,0,0,0
2026-09-02,12301,5,DDU,2026-09-03T00:35:00+05:30,2026-09-03T00:45:00+05:30,2026-09-03T00:33:07+05:30,2026-09-03T00:45:34+05:30,0.58228,0,0,0,0
2026-09-02,12301,6,PRYJ,2026-09-03T02:28:00+05:30,2026-09-03T02:30:00+05:30,2026-09-03T02:23:01+05:30,2026-09-03T02:30:00+05:30,0.0,0,0,0,0
2026-09-02,12301,7,CNB,2026-09-03T04:45:00+05:30,2026-09-03T04:50:00+05:30,2026-09-03T04:39:36+05:30,2026-09-03T04:50:00+05:30,0.0,0,0,0,0
2026-09-02,12301,8,NDLS,2026-09-03T10:00:00+05:30,,2026-09-03T09:52:30+05:30,,,0,0,0,0
2026-09-02,12302,1,NDLS,,2026-09-02T16:55:00+05:30,,2026-09-02T16:57:58+05:30,2.96965,,,,
2026-09-02,12302,2,CNB,2026-09-02T22:00:00+05:30,2026-09-02T22:05:00+05:30,2026-09-02T21:58:12+05:30,2026-09-02T22:05:00+05:30,0.0,0,0,0,0
2026-09-02,12302,3,PRYJ,2026-09-03T00:15:00+05:30,2026-09-03T00:17:00+05:30,2026-09-03T00:04:41+05:30,2026-09-03T00:17:00+05:30,0.0,0,0,0,0
2026-09-02,12302,4,DDU,2026-09-03T02:00:00+05:30,2026-09-03T02:10:00+05:30,2026-09-03T02:00:50+05:30,2026-09-03T02:16:45+05:30,6.76427,0,0,0,0
2026-09-02,12302,5,GAYA,2026-09-03T04:39:00+05:30,2026-09-03T04:42:00+05:30,2026-09-03T04:38:00+05:30,2026-09-03T04:42:32+05:30,0.53639,0,0,0,0
2026-09-02,12302,6,DHN,2026-09-03T06:57:00+05:30,2026-09-03T07:02:00+05:30,2026-09-03T06:52:44+05:30,2026-09-03T07:02:00+05:30,0.0,0,0,0,0
2026-09-02,12302,7,ASN,2026-09-03T07:55:00+05:30,2026-09-03T07:57:00+05:30,2026-09-03T07:46:36+05:30,2026-09-03T07:57:00+05:30,0.0,0,0,0,0
2026-09-02,12302,8,HWH,2026-09-03T09:55:00+05:30,,2026-09-03T09:47:22+05:30,,,0,0,0,0
2026-09-03,12301,1,HWH,,2026-09-03T16:50:00+05:30,,2026-09-03T16:54:02+05:30,4.0403,,,,
2026-09-03,12301,2,ASN,2026-09-03T18:48:00+05:30,2026-09-03T18:50:00+05:30,2026-09-03T18:48:28+05:30,2026-09-03T18:52:58+05:30,2.97531,0,0,0,0
2026-09-03,12301,3,DHN,2026-09-03T19:43:00+05:30,2026-09-03T19:48:00+05:30,2026-09-03T19:43:50+05:30,2026-09-03T19:56:10+05:30,8.1744,0,0,0,0
2026-09-03,12301,4,GAYA,2026-09-03T22:03:00+05:30,2026-09-03T22:06:00+05:30,2026-09-03T22:00:31+05:30,2026-09-03T22:06:13+05:30,0.23058,0,0,0,0
2026-09-03,12301,5,DDU,2026-09-04T00:35:00+05:30,2026-09-04T00:45:00+05:30,2026-09-04T00:19:44+05:30,2026-09-04T00:45:00+05:30,0.0,0,0,0,0
2026-09-03,12301,6,PRYJ,2026-09-04T02:28:00+05:30,2026-09-04T02:30:00+05:30,2026-09-04T02:23:19+05:30,2026-09-04T02:30:00+05:30,0.0,0,0,0,0
2026-09-03,12301,7,CNB,2026-09-04T04:45:00+05:30,2026-09-04T04:50:00+05:30,2026-09-04T04:32:08+05:30,2026-09-04T04:50:00+05:30,0.0,0,0,0,0
2026-09-03,12301,8,NDLS,2026-09-04T10:00:00+05:30,,2026-09-04T09:44:47+05:30,,,0,0,0,0
2026-09-03,12302,1,NDLS,,2026-09-03T16:55:00+05:30,,2026-09-03T16:59:02+05:30,4.03554,,,,
2026-09-03,12302,2,CNB,2026-09-03T22:00:00+05:30,2026-09-03T22:05:00+05:30,2026-09-03T21:42:10+05:30,2026-09-03T22:05:00+05:30,0.0,0,0,0,0
2026-09-03,12302,3,PRYJ,2026-09-04T00:15:00+05:30,2026-09-04T00:17:00+05:30,2026-09-04T00:01:06+05:30,2026-09-04T00:17:00+05:30,0.0,0,0,0,0
2026-09-03,12302,4,DDU,2026-09-04T02:00:00+05:30,2026-09-04T02:10:00+05:30,2026-09-04T01:50:39+05:30,2026-09-04T02:10:00+05:30,0.0,0,0,0,0
2026-09-03,12302,5,GAYA,2026-09-04T04:39:00+05:30,2026-09-04T04:42:00+05:30,2026-09-04T04:56:46+05:30,2026-09-04T04:59:59+05:30,17.99879,0,0,0,1
2026-09-03,12302,6,DHN,2026-09-04T06:57:00+05:30,2026-09-04T07:02:00+05:30,2026-09-04T07:19:23+05:30,2026-09-04T07:28:02+05:30,26.0454,0,0,0,1
2026-09-03,12302,7,ASN,2026-09-04T07:55:00+05:30,2026-09-04T07:57:00+05:30,2026-09-04T08:30:11+05:30,2026-09-04T08:32:48+05:30,35.80744,0,0,0,1
2026-09-03,12302,8,HWH,2026-09-04T09:55:00+05:30,,2026-09-04T10:37:12+05:30,,,0,0,0,1
2026-09-04,12301,1,HWH,,2026-09-04T16:50:00+05:30,,2026-09-04T16:51:51+05:30,1.86404,,,,
2026-09-04,12301,2,ASN,2026-09-04T18:48:00+05:30,2026-09-04T18:50:00+05:30,2026-09-04T18:56:28+05:30,2026-09-04T18:57:48+05:30,7.81221,0,0,0,0
2026-09-04,12301,3,DHN,2026-09-04T19:43:00+05:30,2026-09-04T19:48:00+05:30,2026-09-04T19:46:06+05:30,2026-09-04T19:54:20+05:30,6.33396,0,0,0,0
2026-09-04,12301,4,GAYA,2026-09-04T22:03:00+05:30,2026-09-04T22:06:00+05:30,2026-09-04T22:05:13+05:30,2026-09-04T22:10:02+05:30,4.04023,0,0,0,0
2026-09-04,12301,5,DDU,2026-09-05T00:35:00+05:30,2026-09-05T00:45:00+05:30,2026-09-05T00:48:30+05:30,2026-09-05T01:00:28+05:30,15.47108,1,0,0,0
2026-09-04,12301,6,PRYJ,2026-09-05T02:28:00+05:30,2026-09-05T02:30:00+05:30,2026-09-05T02:42:52+05:30,2026-09-05T02:47:41+05:30,17.68517,0,0,0,0
2026-09-04,12301,7,CNB,2026-09-05T04:45:00+05:30,2026-09-05T04:50:00+05:30,2026-09-05T05:12:12+05:30,2026-09-05T05:17:22+05:30,27.36876,1,0,0,0
2026-09-04,12301,8,NDLS,2026-09-05T10:00:00+05:30,,2026-09-05T10:31:02+05:30,,,0,0,0,0
2026-09-04,12302,1,NDLS,,2026-09-04T16:55:00+05:30,,2026-09-04T16:58:17+05:30,3.28652,,,,
2026-09-04,12302,2,CNB,2026-09-04T22:00:00+05:30,2026-09-04T22:05:00+05:30,2026-09-04T21:48:26+05:30,2026-09-04T22:06:52+05:30,1.87519,1,0,0,0
2026-09-04,12302,3,PRYJ,2026-09-05T00:15:00+05:30,2026-09-05T00:17:00+05:30,2026-09-05T00:19:36+05:30,2026-09-05T00:25:05+05:30,8.09662,0,0,0,0
2026-09-04,12302,4,DDU,2026-09-05T02:00:00+05:30,2026-09-05T02:10:00+05:30,2026-09-05T02:23:01+05:30,2026-09-05T02:42:33+05:30,32.55932,1,0,0,0
2026-09-04,12302,5,GAYA,2026-09-05T04:39:00+05:30,2026-09-05T04:42:00+05:30,2026-09-05T04:59:07+05:30,2026-09-05T05:03:57+05:30,21.96526,0,0,0,0
2026-09-04,12302,6,DHN,2026-09-05T06:57:00+05:30,2026-09-05T07:02:00+05:30,2026-09-05T07:15:45+05:30,2026-09-05T07:20:56+05:30,18.94031,0,0,0,0
2026-09-04,12302,7,ASN,2026-09-05T07:55:00+05:30,2026-09-05T07:57:00+05:30,2026-09-05T08:11:24+05:30,2026-09-05T08:16:04+05:30,19.08249,0,0,0,0
2026-09-04,12302,8,HWH,2026-09-05T09:55:00+05:30,,2026-09-05T09:59:16+05:30,,,0,0,0,0
2026-09-05,12301,1,HWH,,2026-09-05T16:50:00+05:30,,2026-09-05T16:51:00+05:30,1.01356,,,,
2026-09-05,12301,2,ASN,2026-09-05T18:48:00+05:30,2026-09-05T18:50:00+05:30,2026-09-05T18:34:57+05:30,2026-09-05T18:50:00+05:30,0.0,0,0,0,0
2026-09-05,12301,3,DHN,2026-09-05T19:43:00+05:30,2026-09-05T19:48:00+05:30,2026-09-05T19:39:15+05:30,2026-09-05T19:48:00+05:30,0.0,0,0,0,0
2026-09-05,12301,4,GAYA,2026-09-05T22:03:00+05:30,2026-09-05T22:06:00+05:30,2026-09-05T21:54:17+05:30,2026-09-05T22:06:00+05:30,0.0,0,0,0,0
2026-09-05,12301,5,DDU,2026-09-06T00:35:00+05:30,2026-09-06T00:45:00+05:30,2026-09-06T00:47:58+05:30,2026-09-06T01:05:21+05:30,20.35769,1,0,0,0
2026-09-05,12301,6,PRYJ,2026-09-06T02:28:00+05:30,2026-09-06T02:30:00+05:30,2026-09-06T02:36:03+05:30,2026-09-06T02:38:22+05:30,8.36691,0,0,0,0
2026-09-05,12301,7,CNB,2026-09-06T04:45:00+05:30,2026-09-06T04:50:00+05:30,2026-09-06T04:54:37+05:30,2026-09-06T05:00:52+05:30,10.87976,1,0,0,0
2026-09-05,12301,8,NDLS,2026-09-06T10:00:00+05:30,,2026-09-06T09:35:38+05:30,,,0,0,0,0
2026-09-05,12302,1,NDLS,,2026-09-05T16:55:00+05:30,,2026-09-05T16:55:03+05:30,0.05978,,,,
2026-09-05,12302,2,CNB,2026-09-05T22:00:00+05:30,2026-09-05T22:05:00+05:30,2026-09-05T22:09:13+05:30,2026-09-05T22:16:22+05:30,11.37399,1,0,0,0
2026-09-05,12302,3,PRYJ,2026-09-06T00:15:00+05:30,2026-09-06T00:17:00+05:30,2026-09-06T00:19:47+05:30,2026-09-06T00:32:12+05:30,15.21415,0,0,0,0
2026-09-05,12302,4,DDU,2026-09-06T02:00:00+05:30,2026-09-06T02:10:00+05:30,2026-09-06T02:25:39+05:30,2026-09-06T02:39:11+05:30,29.19122,1,0,0,0
2026-09-05,12302,5,GAYA,2026-09-06T04:39:00+05:30,2026-09-06T04:42:00+05:30,2026-09-06T05:02:03+05:30,2026-09-06T05:04:53+05:30,22.89747,0,0,0,0
2026-09-05,12302,6,DHN,2026-09-06T06:57:00+05:30,2026-09-06T07:02:00+05:30,2026-09-06T07:17:33+05:30,2026-09-06T07:33:18+05:30,31.31425,0,0,0,0
2026-09-05,12302,7,ASN,2026-09-06T07:55:00+05:30,2026-09-06T07:57:00+05:30,2026-09-06T08:22:12+05:30,2026-09-06T08:24:36+05:30,27.60443,0,0,0,0
2026-09-05,12302,8,HWH,2026-09-06T09:55:00+05:30,,2026-09-06T10:13:41+05:30,,,0,0,0,0
2026-09-06,12301,1,HWH,,2026-09-06T16:50:00+05:30,,2026-09-06T16:51:13+05:30,1.22892,,,,
2026-09-06,12301,2,ASN,2026-09-06T18:48:00+05:30,2026-09-06T18:50:00+05:30,2026-09-06T18:37:40+05:30,2026-09-06T18:50:00+05:30,0.0,0,0,0,0
2026-09-06,12301,3,DHN,2026-09-06T19:43:00+05:30,2026-09-06T19:48:00+05:30,2026-09-06T19:41:35+05:30,2026-09-06T19:48:44+05:30,0.74462,0,0,0,0
2026-09-06,12301,4,GAYA,2026-09-06T22:03:00+05:30,2026-09-06T22:06:00+05:30,2026-09-06T22:06:50+05:30,2026-09-06T22:10:38+05:30,4.64551,0,0,0,0
2026-09-06,12301,5,DDU,2026-09-07T00:35:00+05:30,2026-09-07T00:45:00+05:30,2026-09-07T00:30:46+05:30,2026-09-07T00:45:00+05:30,0.0,0,0,0,0
2026-09-06,12301,6,PRYJ,2026-09-07T02:28:00+05:30,2026-09-07T02:30:00+05:30,2026-09-07T02:22:37+05:30,2026-09-07T02:30:00+05:30,0.0,0,0,0,0
2026-09-06,12301,7,CNB,2026-09-07T04:45:00+05:30,2026-09-07T04:50:00+05:30,2026-09-07T04:44:04+05:30,2026-09-07T04:50:00+05:30,0.0,0,0,0,0
2026-09-06,12301,8,NDLS,2026-09-07T10:00:00+05:30,,2026-09-07T09:46:26+05:30,,,0,0,0,0
2026-09-06,12302,1,NDLS,,2026-09-06T16:55:00+05:30,,2026-09-06T17:31:00+05:30,36.00806,,,,
2026-09-06,12302,2,CNB,2026-09-06T22:00:00+05:30,2026-09-06T22:05:00+05:30,2026-09-06T22:05:31+05:30,2026-09-06T22:09:48+05:30,4.80719,0,0,0,0
2026-09-06,12302,3,PRYJ,2026-09-07T00:15:00+05:30,2026-09-07T00:17:00+05:30,2026-09-07T00:13:23+05:30,2026-09-07T00:17:00+05:30,0.0,0,0,0,0
2026-09-06,12302,4,DDU,2026-09-07T02:00:00+05:30,2026-09-07T02:10:00+05:30,2026-09-07T01:52:21+05:30,2026-09-07T02:10:00+05:30,0.0,0,0,0,0
2026-09-06,12302,5,GAYA,2026-09-07T04:39:00+05:30,2026-09-07T04:42:00+05:30,2026-09-07T04:32:01+05:30,2026-09-07T04:42:00+05:30,0.0,0,0,0,0
2026-09-06,12302,6,DHN,2026-09-07T06:57:00+05:30,2026-09-07T07:02:00+05:30,2026-09-07T06:46:38+05:30,2026-09-07T07:02:00+05:30,0.0,0,0,0,0
2026-09-06,12302,7,ASN,2026-09-07T07:55:00+05:30,2026-09-07T07:57:00+05:30,2026-09-07T07:55:55+05:30,2026-09-07T07:59:23+05:30,2.39443,0,0,0,0
2026-09-06,12302,8,HWH,2026-09-07T09:55:00+05:30,,2026-09-07T09:50:10+05:30,,,0,0,0,0
2026-09-07,12301,1,HWH,,2026-09-07T16:50:00+05:30,,2026-09-07T16:51:09+05:30,1.16312,,,,
2026-09-07,12301,2,ASN,2026-09-07T18:48:00+05:30,2026-09-07T18:50:00+05:30,2026-09-07T18:47:44+05:30,2026-09-07T18:52:19+05:30,2.33098,0,0,0,0
2026-09-07,12301,3,DHN,2026-09-07T19:43:00+05:30,2026-09-07T19:48:00+05:30,2026-09-07T19:45:21+05:30,2026-09-07T20:00:05+05:30,12.08887,0,0,0,0
2026-09-07,12301,4,GAYA,2026-09-07T22:03:00+05:30,2026-09-07T22:06:00+05:30,2026-09-07T22:13:54+05:30,2026-09-07T22:20:12+05:30,14.21448,0,0,0,0
2026-09-07,12301,5,DDU,2026-09-08T00:35:00+05:30,2026-09-08T00:45:00+05:30,2026-09-08T00:55:37+05:30,2026-09-08T01:06:36+05:30,21.60442,1,0,0,0
2026-09-07,12301,6,PRYJ,2026-09-08T02:28:00+05:30,2026-09-08T02:30:00+05:30,2026-09-08T02:43:27+05:30,2026-09-08T02:49:11+05:30,19.19779,0,0,0,0
2026-09-07,12301,7,CNB,2026-09-08T04:45:00+05:30,2026-09-08T04:50:00+05:30,2026-09-08T05:23:09+05:30,2026-09-08T05:28:01+05:30,38.02107,1,0,0,0
2026-09-07,12301,8,NDLS,2026-09-08T10:00:00+05:30,,2026-09-08T10:36:30+05:30,,,0,0,0,0
2026-09-07,12302,1,NDLS,,2026-09-07T16:55:00+05:30,,2026-09-07T16:57:56+05:30,2.94475,,,,
2026-09-07,12302,2,CNB,2026-09-07T22:00:00+05:30,2026-09-07T22:05:00+05:30,2026-09-07T21:32:27+05:30,2026-09-07T22:05:00+05:30,0.0,0,0,0,0
2026-09-07,12302,3,PRYJ,2026-09-08T00:15:00+05:30,2026-09-08T00:17:00+05:30,2026-09-08T00:12:42+05:30,2026-09-08T00:17:00+05:30,0.0,0,0,0,0
2026-09-07,12302,4,DDU,2026-09-08T02:00:00+05:30,2026-09-08T02:10:00+05:30,2026-09-08T02:24:35+05:30,2026-09-08T02:36:47+05:30,26.78662,0,26.17614,30,0
2026-09-07,12302,5,GAYA,2026-09-08T04:39:00+05:30,2026-09-08T04:42:00+05:30,2026-09-08T04:56:44+05:30,2026-09-08T05:00:28+05:30,18.48267,0,0,0,0
2026-09-07,12302,6,DHN,2026-09-08T06:57:00+05:30,2026-09-08T07:02:00+05:30,2026-09-08T07:11:06+05:30,2026-09-08T07:19:55+05:30,17.92932,0,0,0,0
2026-09-07,12302,7,ASN,2026-09-08T07:55:00+05:30,2026-09-08T07:57:00+05:30,2026-09-08T08:10:31+05:30,2026-09-08T08:11:34+05:30,14.57826,0,0,0,0
2026-09-07,12302,8,HWH,2026-09-08T09:55:00+05:30,,2026-09-08T10:01:33+05:30,,,0,0,0,0
2026-09-08,12301,1,HWH,,2026-09-08T16:50:00+05:30,,2026-09-08T16:53:56+05:30,3.9351,,,,
2026-09-08,12301,2,ASN,2026-09-08T18:48:00+05:30,2026-09-08T18:50:00+05:30,2026-09-08T18:46:40+05:30,2026-09-08T18:52:04+05:30,2.07584,0,0,0,0
2026-09-08,12301,3,DHN,2026-09-08T19:43:00+05:30,2026-09-08T19:48:00+05:30,2026-09-08T19:43:52+05:30,2026-09-08T19:52:01+05:30,4.02655,0,0,0,0
2026-09-08,12301,4,GAYA,2026-09-08T22:03:00+05:30,2026-09-08T22:06:00+05:30,2026-09-08T22:00:41+05:30,2026-09-08T22:06:00+05:30,0.0,0,0,0,0
2026-09-08,12301,5,DDU,2026-09-09T00:35:00+05:30,2026-09-09T00:45:00+05:30,2026-09-09T00:17:40+05:30,2026-09-09T00:45:00+05:30,0.0,0,0,0,0
2026-09-08,12301,6,PRYJ,2026-09-09T02:28:00+05:30,2026-09-09T02:30:00+05:30,2026-09-09T02:24:15+05:30,2026-09-09T02:30:00+05:30,0.0,0,0,0,1
2026-09-08,12301,7,CNB,2026-09-09T04:45:00+05:30,2026-09-09T04:50:00+05:30,2026-09-09T05:09:34+05:30,2026-09-09T05:18:30+05:30,28.5024,0,0,0,1
2026-09-08,12301,8,NDLS,2026-09-09T10:00:00+05:30,,2026-09-09T11:01:53+05:30,,,0,0,0,1
2026-09-08,12302,1,NDLS,,2026-09-08T16:55:00+05:30,,2026-09-08T16:55:16+05:30,0.26778,,,,
2026-09-08,12302,2,CNB,2026-09-08T22:00:00+05:30,2026-09-08T22:05:00+05:30,2026-09-08T21:48:52+05:30,2026-09-08T22:05:00+05:30,0.0,0,0,0,0
2026-09-08,12302,3,PRYJ,2026-09-09T00:15:00+05:30,2026-09-09T00:17:00+05:30,2026-09-09T00:09:12+05:30,2026-09-09T00:17:00+05:30,0.0,0,0,0,0
2026-09-08,12302,4,DDU,2026-09-09T02:00:00+05:30,2026-09-09T02:10:00+05:30,2026-09-09T01:55:45+05:30,2026-09-09T02:10:39+05:30,0.65245,0,0,0,0
2026-09-08,12302,5,GAYA,2026-09-09T04:39:00+05:30,2026-09-09T04:42:00+05:30,2026-09-09T04:32:32+05:30,2026-09-09T04:42:00+05:30,0.0,0,0,0,0
2026-09-08,12302,6,DHN,2026-09-09T06:57:00+05:30,2026-09-09T07:02:00+05:30,2026-09-09T06:48:01+05:30,2026-09-09T07:02:00+05:30,0.0,0,0,0,0
2026-09-08,12302,7,ASN,2026-09-09T07:55:00+05:30,2026-09-09T07:57:00+05:30,2026-09-09T07:50:53+05:30,2026-09-09T07:57:00+05:30,0.0,0,0,0,0
2026-09-08,12302,8,HWH,2026-09-09T09:55:00+05:30,,2026-09-09T09:45:36+05:30,,,0,0,0,0
2026-09-09,12301,1,HWH,,2026-09-09T16:50:00+05:30,,2026-09-09T16:51:51+05:30,1.8551,,,,
2026-09-09,12301,2,ASN,2026-09-09T18:48:00+05:30,2026-09-09T18:50:00+05:30,2026-09-09T18:42:05+05:30,2026-09-09T18:50:00+05:30,0.0,0,0,0,0
2026-09-09,12301,3,DHN,2026-09-09T19:43:00+05:30,2026-09-09T19:48:00+05:30,2026-09-09T19:45:56+05:30,2026-09-09T19:50:25+05:30,2.42212,0,0,0,0
2026-09-09,12301,4,GAYA,2026-09-09T22:03:00+05:30,2026-09-09T22:06:00+05:30,2026-09-09T21:55:59+05:30,2026-09-09T22:06:50+05:30,0.83836,0,0,0,0
2026-09-09,12301,5,DDU,2026-09-10T00:35:00+05:30,2026-09-10T00:45:00+05:30,2026-09-10T00:55:50+05:30,2026-09-10T01:08:16+05:30,23.2822,1,0,0,0
2026-09-09,12301,6,PRYJ,2026-09-10T02:28:00+05:30,2026-09-10T02:30:00+05:30,2026-09-10T02:46:33+05:30,2026-09-10T02:49:31+05:30,19.53327,0,0,0,0
2026-09-09,12301,7,CNB,2026-09-10T04:45:00+05:30,2026-09-10T04:50:00+05:30,2026-09-10T05:12:28+05:30,2026-09-10T05:19:03+05:30,29.05662,1,0,0,0
2026-09-09,12301,8,NDLS,2026-09-10T10:00:00+05:30,,2026-09-10T10:34:50+05:30,,,0,0,0,0
2026-09-09,12302,1,NDLS,,2026-09-09T16:55:00+05:30,,2026-09-09T16:59:44+05:30,4.74531,,,,
2026-09-09,12302,2,CNB,2026-09-09T22:00:00+05:30,2026-09-09T22:05:00+05:30,2026-09-09T22:23:08+05:30,2026-09-09T22:29:19+05:30,24.31862,1,0,0,0
2026-09-09,12302,3,PRYJ,2026-09-10T00:15:00+05:30,2026-09-10T00:17:00+05:30,2026-09-10T01:13:18+05:30,2026-09-10T01:14:45+05:30,57.75138,0,28.21609,30,0
2026-09-09,12302,4,DDU,2026-09-10T02:00:00+05:30,2026-09-10T02:10:00+05:30,2026-09-10T03:12:46+05:30,2026-09-10T03:24:22+05:30,74.37554,1,0,0,0
2026-09-09,12302,5,GAYA,2026-09-10T04:39:00+05:30,2026-09-10T04:42:00+05:30,2026-09-10T05:43:41+05:30,2026-09-10T05:46:14+05:30,64.24979,0,0,0,0
2026-09-09,12302,6,DHN,2026-09-10T06:57:00+05:30,2026-09-10T07:02:00+05:30,2026-09-10T07:55:04+05:30,2026-09-10T08:03:53+05:30,61.89935,0,0,0,0
2026-09-09,12302,7,ASN,2026-09-10T07:55:00+05:30,2026-09-10T07:57:00+05:30,2026-09-10T09:00:08+05:30,2026-09-10T09:05:32+05:30,68.54787,0,0,0,0
2026-09-09,12302,8,HWH,2026-09-10T09:55:00+05:30,,2026-09-10T10:53:34+05:30,,,0,0,0,0
2026-09-10,12301,1,HWH,,2026-09-10T16:50:00+05:30,,2026-09-10T16:52:21+05:30,2.36523,,,,
2026-09-10,12301,2,ASN,2026-09-10T18:48:00+05:30,2026-09-10T18:50:00+05:30,2026-09-10T18:54:04+05:30,2026-09-10T18:56:44+05:30,6.73829,0,0,0,0
2026-09-10,12301,3,DHN,2026-09-10T19:43:00+05:30,2026-09-10T19:48:00+05:30,2026-09-10T19:49:18+05:30,2026-09-10T19:57:54+05:30,9.9115,0,0,0,0
2026-09-10,12301,4,GAYA,2026-09-10T22:03:00+05:30,2026-09-10T22:06:00+05:30,2026-09-10T22:01:03+05:30,2026-09-10T22:06:00+05:30,0.0,0,0,0,0
2026-09-10,12301,5,DDU,2026-09-11T00:35:00+05:30,2026-09-11T00:45:00+05:30,2026-09-11T00:41:58+05:30,2026-09-11T00:51:38+05:30,6.64452,0,11.96435,30,0
2026-09-10,12301,6,PRYJ,2026-09-11T02:28:00+05:30,2026-09-11T02:30:00+05:30,2026-09-11T02:44:31+05:30,2026-09-11T02:48:45+05:30,18.75969,0,0,0,1
2026-09-10,12301,7,CNB,2026-09-11T04:45:00+05:30,2026-09-11T04:50:00+05:30,2026-09-11T05:16:44+05:30,2026-09-11T05:24:27+05:30,34.45233,0,0,0,1
2026-09-10,12301,8,NDLS,2026-09-11T10:00:00+05:30,,2026-09-11T11:03:46+05:30,,,0,0,0,1
2026-09-10,12302,1,NDLS,,2026-09-10T16:55:00+05:30,,2026-09-10T16:57:32+05:30,2.53398,,,,
2026-09-10,12302,2,CNB,2026-09-10T22:00:00+05:30,2026-09-10T22:05:00+05:30,2026-09-10T21:29:51+05:30,2026-09-10T22:05:00+05:30,0.0,0,0,0,0
2026-09-10,12302,3,PRYJ,2026-09-11T00:15:00+05:30,2026-09-11T00:17:00+05:30,2026-09-11T00:03:54+05:30,2026-09-11T00:17:00+05:30,0.0,0,0,0,0
2026-09-10,12302,4,DDU,2026-09-11T02:00:00+05:30,2026-09-11T02:10:00+05:30,2026-09-11T01:53:20+05:30,2026-09-11T02:10:00+05:30,0.0,0,0,0,0
2026-09-10,12302,5,GAYA,2026-09-11T04:39:00+05:30,2026-09-11T04:42:00+05:30,2026-09-11T04:35:13+05:30,2026-09-11T04:42:00+05:30,0.0,0,0,0,0
2026-09-10,12302,6,DHN,2026-09-11T06:57:00+05:30,2026-09-11T07:02:00+05:30,2026-09-11T06:52:28+05:30,2026-09-11T07:02:00+05:30,0.0,0,0,0,0
2026-09-10,12302,7,ASN,2026-09-11T07:55:00+05:30,2026-09-11T07:57:00+05:30,2026-09-11T07:52:23+05:30,2026-09-11T08:02:44+05:30,5.73723,0,0,0,0
2026-09-10,12302,8,HWH,2026-09-11T09:55:00+05:30,,2026-09-11T10:26:53+05:30,,,0,27.07643,30,0
2026-09-11,12301,1,HWH,,2026-09-11T16:50:00+05:30,,2026-09-11T17:11:11+05:30,21.1845,,,,
2026-09-11,12301,2,ASN,2026-09-11T18:48:00+05:30,2026-09-11T18:50:00+05:30,2026-09-11T18:58:53+05:30,2026-09-11T18:59:56+05:30,9.93518,0,0,0,0
2026-09-11,12301,3,DHN,2026-09-11T19:43:00+05:30,2026-09-11T19:48:00+05:30,2026-09-11T19:46:22+05:30,2026-09-11T20:00:09+05:30,12.15099,0,0,0,0
2026-09-11,12301,4,GAYA,2026-09-11T22:03:00+05:30,2026-09-11T22:06:00+05:30,2026-09-11T22:07:52+05:30,2026-09-11T22:13:05+05:30,7.08752,0,0,0,0
2026-09-11,12301,5,DDU,2026-09-12T00:35:00+05:30,2026-09-12T00:45:00+05:30,2026-09-12T00:42:07+05:30,2026-09-12T00:52:52+05:30,7.87435,0,0,0,0
2026-09-11,12301,6,PRYJ,2026-09-12T02:28:00+05:30,2026-09-12T02:30:00+05:30,2026-09-12T02:26:59+05:30,2026-09-12T02:30:00+05:30,0.0,0,0,0,0
2026-09-11,12301,7,CNB,2026-09-12T04:45:00+05:30,2026-09-12T04:50:00+05:30,2026-09-12T04:31:07+05:30,2026-09-12T04:50:00+05:30,0.0,0,0,0,0
2026-09-11,12301,8,NDLS,2026-09-12T10:00:00+05:30,,2026-09-12T09:34:10+05:30,,,0,0,0,0
2026-09-11,12302,1,NDLS,,2026-09-11T16:55:00+05:30,,2026-09-11T16:55:32+05:30,0.54052,,,,
2026-09-11,12302,2,CNB,2026-09-11T22:00:00+05:30,2026-09-11T22:05:00+05:30,2026-09-11T21:30:12+05:30,2026-09-11T22:05:00+05:30,0.0,0,0,0,0
2026-09-11,12302,3,PRYJ,2026-09-12T00:15:00+05:30,2026-09-12T00:17:00+05:30,2026-09-12T00:09:26+05:30,2026-09-12T00:17:00+05:30,0.0,0,0,0,0
2026-09-11,12302,4,DDU,2026-09-12T02:00:00+05:30,2026-09-12T02:10:00+05:30,2026-09-12T02:16:14+05:30,2026-09-12T02:28:38+05:30,18.63947,0,22.00067,45,0
2026-09-11,12302,5,GAYA,2026-09-12T04:39:00+05:30,2026-09-12T04:42:00+05:30,2026-09-12T04:54:39+05:30,2026-09-12T04:58:44+05:30,16.74417,0,0,0,0
2026-09-11,12302,6,DHN,2026-09-12T06:57:00+05:30,2026-09-12T07:02:00+05:30,2026-09-12T07:00:37+05:30,2026-09-12T07:08:09+05:30,6.16447,0,0,0,0
2026-09-11,12302,7,ASN,2026-09-12T07:55:00+05:30,2026-09-12T07:57:00+05:30,2026-09-12T07:56:30+05:30,2026-09-12T08:00:10+05:30,3.17387,0,0,0,0
2026-09-11,12302,8,HWH,2026-09-12T09:55:00+05:30,,2026-09-12T09:53:11+05:30,,,0,0,0,0
2026-09-12,12301,1,HWH,,2026-09-12T16:50:00+05:30,,2026-09-12T16:52:32+05:30,2.53657,,,,
2026-09-12,12301,2,ASN,2026-09-12T18:48:00+05:30,2026-09-12T18:50:00+05:30,2026-09-12T18:42:22+05:30,2026-09-12T18:50:00+05:30,0.0,0,0,0,0
2026-09-12,12301,3,DHN,2026-09-12T19:43:00+05:30,2026-09-12T19:48:00+05:30,2026-09-12T19:42:07+05:30,2026-09-12T19:48:00+05:30,0.0,0,0,0,0
2026-09-12,12301,4,GAYA,2026-09-12T22:03:00+05:30,2026-09-12T22:06:00+05:30,2026-09-12T21:56:44+05:30,2026-09-12T22:06:00+05:30,0.0,0,0,0,0
2026-09-12,12301,5,DDU,2026-09-13T00:35:00+05:30,2026-09-13T00:45:00+05:30,2026-09-13T00:32:40+05:30,2026-09-13T00:45:00+05:30,0.0,0,0,0,0
2026-09-12,12301,6,PRYJ,2026-09-13T02:28:00+05:30,2026-09-13T02:30:00+05:30,2026-09-13T02:22:47+05:30,2026-09-13T02:30:00+05:30,0.0,0,0,0,0
2026-09-12,12301,7,CNB,2026-09-13T04:45:00+05:30,2026-09-13T04:50:00+05:30,2026-09-13T04:39:23+05:30,2026-09-13T04:50:00+05:30,0.0,0,0,0,0
2026-09-12,12301,8,NDLS,2026-09-13T10:00:00+05:30,,2026-09-13T09:47:10+05:30,,,0,0,0,0
2026-09-12,12302,1,NDLS,,2026-09-12T16:55:00+05:30,,2026-09-12T16:55:16+05:30,0.27031,,,,
2026-09-12,12302,2,CNB,2026-09-12T22:00:00+05:30,2026-09-12T22:05:00+05:30,2026-09-12T21:54:02+05:30,2026-09-12T22:05:00+05:30,0.0,1,0,0,0
2026-09-12,12302,3,PRYJ,2026-09-13T00:15:00+05:30,2026-09-13T00:17:00+05:30,2026-09-13T00:04:14+05:30,2026-09-13T00:17:00+05:30,0.0,0,0,0,0
2026-09-12,12302,4,DDU,2026-09-13T02:00:00+05:30,2026-09-13T02:10:00+05:30,2026-09-13T02:04:08+05:30,2026-09-13T02:13:09+05:30,3.15823,1,0,0,0
2026-09-12,12302,5,GAYA,2026-09-13T04:39:00+05:30,2026-09-13T04:42:00+05:30,2026-09-13T05:04:55+05:30,2026-09-13T05:20:02+05:30,38.04167,0,0,0,1
2026-09-12,12302,6,DHN,2026-09-13T06:57:00+05:30,2026-09-13T07:02:00+05:30,2026-09-13T07:55:13+05:30,2026-09-13T08:04:03+05:30,62.05713,0,0,0,1
2026-09-12,12302,7,ASN,2026-09-13T07:55:00+05:30,2026-09-13T07:57:00+05:30,2026-09-13T09:01:38+05:30,2026-09-13T09:06:48+05:30,69.80935,0,0,0,1
2026-09-12,12302,8,HWH,2026-09-13T09:55:00+05:30,,2026-09-13T11:24:38+05:30,,,0,0,0,1
2026-09-13,12301,1,HWH,,2026-09-13T16:50:00+05:30,,2026-09-13T16:51:43+05:30,1.72175,,,,
2026-09-13,12301,2,ASN,2026-09-13T18:48:00+05:30,2026-09-13T18:50:00+05:30,2026-09-13T18:47:57+05:30,2026-09-13T18:51:14+05:30,1.23697,0,0,0,0
2026-09-13,12301,3,DHN,2026-09-13T19:43:00+05:30,2026-09-13T19:48:00+05:30,2026-09-13T19:43:13+05:30,2026-09-13T19:49:23+05:30,1.39241,0,0,0,0
2026-09-13,12301,4,GAYA,2026-09-13T22:03:00+05:30,2026-09-13T22:06:00+05:30,2026-09-13T21:57:08+05:30,2026-09-13T22:06:00+05:30,0.0,0,0,0,0
2026-09-13,12301,5,DDU,2026-09-14T00:35:00+05:30,2026-09-14T00:45:00+05:30,2026-09-14T01:05:44+05:30,2026-09-14T01:15:52+05:30,30.87904,0,26.24017,30,0
2026-09-13,12301,6,PRYJ,2026-09-14T02:28:00+05:30,2026-09-14T02:30:00+05:30,2026-09-14T02:49:19+05:30,2026-09-14T02:51:10+05:30,21.1696,0,0,0,0
2026-09-13,12301,7,CNB,2026-09-14T04:45:00+05:30,2026-09-14T04:50:00+05:30,2026-09-14T04:55:20+05:30,2026-09-14T04:59:31+05:30,9.52766,0,0,0,0
2026-09-13,12301,8,NDLS,2026-09-14T10:00:00+05:30,,2026-09-14T09:43:41+05:30,,,0,0,0,0
2026-09-13,12302,1,NDLS,,2026-09-13T16:55:00+05:30,,2026-09-13T18:04:43+05:30,69.71819,,,,
2026-09-13,12302,2,CNB,2026-09-13T22:00:00+05:30,2026-09-13T22:05:00+05:30,2026-09-13T22:54:30+05:30,2026-09-13T23:01:14+05:30,56.23997,0,0,0,0
2026-09-13,12302,3,PRYJ,2026-09-14T00:15:00+05:30,2026-09-14T00:17:00+05:30,2026-09-14T00:58:09+05:30,2026-09-14T01:00:39+05:30,43.66063,0,0,0,0
2026-09-13,12302,4,DDU,2026-09-14T02:00:00+05:30,2026-09-14T02:10:00+05:30,2026-09-14T02:34:48+05:30,2026-09-14T02:45:09+05:30,35.1642,0,0,0,0
2026-09-13,12302,5,GAYA,2026-09-14T04:39:00+05:30,2026-09-14T04:42:00+05:30,2026-09-14T05:29:41+05:30,2026-09-14T05:32:17+05:30,50.28494,0,0,0,1
2026-09-13,12302,6,DHN,2026-09-14T06:57:00+05:30,2026-09-14T07:02:00+05:30,2026-09-14T07:47:12+05:30,2026-09-14T07:52:12+05:30,50.21538,0,0,0,1
2026-09-13,12302,7,ASN,2026-09-14T07:55:00+05:30,2026-09-14T07:57:00+05:30,2026-09-14T08:50:18+05:30,2026-09-14T08:51:30+05:30,54.50841,0,0,0,1
2026-09-13,12302,8,HWH,2026-09-14T09:55:00+05:30,,2026-09-14T11:13:09+05:30,,,0,0,0,1
2026-09-14,12301,1,HWH,,2026-09-14T16:50:00+05:30,,2026-09-14T16:50:00+05:30,0.01369,,,,
2026-09-14,12301,2,ASN,2026-09-14T18:48:00+05:30,2026-09-14T18:50:00+05:30,2026-09-14T18:44:20+05:30,2026-09-14T18:50:00+05:30,0.0,0,0,0,0
2026-09-14,12301,3,DHN,2026-09-14T19:43:00+05:30,2026-09-14T19:48:00+05:30,2026-09-14T19:39:05+05:30,2026-09-14T19:48:00+05:30,0.0,0,0,0,0
2026-09-14,12301,4,GAYA,2026-09-14T22:03:00+05:30,2026-09-14T22:06:00+05:30,2026-09-14T22:00:14+05:30,2026-09-14T22:06:00+05:30,0.0,0,0,0,0
2026-09-14,12301,5,DDU,2026-09-15T00:35:00+05:30,2026-09-15T00:45:00+05:30,2026-09-15T00:24:56+05:30,2026-09-15T00:45:00+05:30,0.0,0,0,0,0
2026-09-14,12301,6,PRYJ,2026-09-15T02:28:00+05:30,2026-09-15T02:30:00+05:30,2026-09-15T02:20:29+05:30,2026-09-15T02:36:14+05:30,6.24034,0,0,0,0
2026-09-14,12301,7,CNB,2026-09-15T04:45:00+05:30,2026-09-15T04:50:00+05:30,2026-09-15T04:44:02+05:30,2026-09-15T04:50:00+05:30,0.0,0,0,0,0
2026-09-14,12301,8,NDLS,2026-09-15T10:00:00+05:30,,2026-09-15T09:31:45+05:30,,,0,0,0,0
2026-09-14,12302,1,NDLS,,2026-09-14T16:55:00+05:30,,2026-09-14T16:59:04+05:30,4.07482,,,,
2026-09-14,12302,2,CNB,2026-09-14T22:00:00+05:30,2026-09-14T22:05:00+05:30,2026-09-14T21:47:25+05:30,2026-09-14T22:05:00+05:30,0.0,0,0,0,0
2026-09-14,12302,3,PRYJ,2026-09-15T00:15:00+05:30,2026-09-15T00:17:00+05:30,2026-09-15T00:08:43+05:30,2026-09-15T00:17:00+05:30,0.0,0,0,0,0
2026-09-14,12302,4,DDU,2026-09-15T02:00:00+05:30,2026-09-15T02:10:00+05:30,2026-09-15T01:57:24+05:30,2026-09-15T02:10:37+05:30,0.62204,0,0,0,0
2026-09-14,12302,5,GAYA,2026-09-15T04:39:00+05:30,2026-09-15T04:42:00+05:30,2026-09-15T04:43:43+05:30,2026-09-15T04:49:36+05:30,7.61394,0,18.76326,45,0
2026-09-14,12302,6,DHN,2026-09-15T06:57:00+05:30,2026-09-15T07:02:00+05:30,2026-09-15T07:02:09+05:30,2026-09-15T07:10:33+05:30,8.55635,0,0,0,0
2026-09-14,12302,7,ASN,2026-09-15T07:55:00+05:30,2026-09-15T07:57:00+05:30,2026-09-15T07:59:31+05:30,2026-09-15T08:04:58+05:30,7.96755,0,0,0,0
2026-09-14,12302,8,HWH,2026-09-15T09:55:00+05:30,,2026-09-15T09:52:19+05:30,,,0,0,0,0
2026-09-15,12301,1,HWH,,2026-09-15T16:50:00+05:30,,2026-09-15T16:50:03+05:30,0.0618,,,,
2026-09-15,12301,2,ASN,2026-09-15T18:48:00+05:30,2026-09-15T18:50:00+05:30,2026-09-15T18:45:34+05:30,2026-09-15T18:50:56+05:30,0.93952,0,0,0,0
2026-09-15,12301,3,DHN,2026-09-15T19:43:00+05:30,2026-09-15T19:48:00+05:30,2026-09-15T19:48:18+05:30,2026-09-15T19:55:23+05:30,7.39532,0,0,0,0
2026-09-15,12301,4,GAYA,2026-09-15T22:03:00+05:30,2026-09-15T22:06:00+05:30,2026-09-15T21:59:52+05:30,2026-09-15T22:06:00+05:30,0.0,0,0,0,0
2026-09-15,12301,5,DDU,2026-09-16T00:35:00+05:30,2026-09-16T00:45:00+05:30,2026-09-16T00:31:51+05:30,2026-09-16T00:45:19+05:30,0.31691,0,0,0,0
2026-09-15,12301,6,PRYJ,2026-09-16T02:28:00+05:30,2026-09-16T02:30:00+05:30,2026-09-16T02:21:57+05:30,2026-09-16T02:30:00+05:30,0.0,0,0,0,0
2026-09-15,12301,7,CNB,2026-09-16T04:45:00+05:30,2026-09-16T04:50:00+05:30,2026-09-16T04:31:38+05:30,2026-09-16T04:50:00+05:30,0.0,0,0,0,0
2026-09-15,12301,8,NDLS,2026-09-16T10:00:00+05:30,,2026-09-16T09:36:53+05:30,,,0,0,0,0
2026-09-15,12302,1,NDLS,,2026-09-15T16:55:00+05:30,,2026-09-15T16:56:53+05:30,1.89319,,,,
2026-09-15,12302,2,CNB,2026-09-15T22:00:00+05:30,2026-09-15T22:05:00+05:30,2026-09-15T21:54:36+05:30,2026-09-15T22:05:00+05:30,0.0,0,0,0,0
2026-09-15,12302,3,PRYJ,2026-09-16T00:15:00+05:30,2026-09-16T00:17:00+05:30,2026-09-16T00:12:09+05:30,2026-09-16T00:17:00+05:30,0.0,0,0,0,0
2026-09-15,12302,4,DDU,2026-09-16T02:00:00+05:30,2026-09-16T02:10:00+05:30,2026-09-16T01:49:19+05:30,2026-09-16T02:10:00+05:30,0.0,0,0,0,0
2026-09-15,12302,5,GAYA,2026-09-16T04:39:00+05:30,2026-09-16T04:42:00+05:30,2026-09-16T05:15:04+05:30,2026-09-16T05:19:53+05:30,37.8865,0,0,0,1
2026-09-15,12302,6,DHN,2026-09-16T06:57:00+05:30,2026-09-16T07:02:00+05:30,2026-09-16T07:42:58+05:30,2026-09-16T07:51:05+05:30,49.09743,0,0,0,1
2026-09-15,12302,7,ASN,2026-09-16T07:55:00+05:30,2026-09-16T07:57:00+05:30,2026-09-16T08:49:39+05:30,2026-09-16T08:54:14+05:30,57.2466,0,0,0,1
2026-09-15,12302,8,HWH,2026-09-16T09:55:00+05:30,,2026-09-16T11:02:29+05:30,,,0,0,0,1
2026-09-16,12301,1,HWH,,2026-09-16T16:50:00+05:30,,2026-09-16T16:50:00+05:30,0.01098,,,,
2026-09-16,12301,2,ASN,2026-09-16T18:48:00+05:30,2026-09-16T18:50:00+05:30,2026-09-16T18:40:41+05:30,2026-09-16T18:50:00+05:30,0.0,0,0,0,0
2026-09-16,12301,3,DHN,2026-09-16T19:43:00+05:30,2026-09-16T19:48:00+05:30,2026-09-16T19:42:29+05:30,2026-09-16T19:50:12+05:30,2.20712,0,0,0,0
2026-09-16,12301,4,GAYA,2026-09-16T22:03:00+05:30,2026-09-16T22:06:00+05:30,2026-09-16T21:55:28+05:30,2026-09-16T22:06:00+05:30,0.0,0,0,0,0
2026-09-16,12301,5,DDU,2026-09-17T00:35:00+05:30,2026-09-17T00:45:00+05:30,2026-09-17T00:33:05+05:30,2026-09-17T00:45:00+05:30,0.0,0,0,0,0
2026-09-16,12301,6,PRYJ,2026-09-17T02:28:00+05:30,2026-09-17T02:30:00+05:30,2026-09-17T02:29:30+05:30,2026-09-17T02:33:52+05:30,3.86738,0,0,0,0
2026-09-16,12301,7,CNB,2026-09-17T04:45:00+05:30,2026-09-17T04:50:00+05:30,2026-09-17T04:47:48+05:30,2026-09-17T04:54:05+05:30,4.09649,0,0,0,0
2026-09-16,12301,8,NDLS,2026-09-17T10:00:00+05:30,,2026-09-17T09:47:44+05:30,,,0,0,0,0
2026-09-16,12302,1,NDLS,,2026-09-16T16:55:00+05:30,,2026-09-16T17:13:49+05:30,18.83066,,,,
2026-09-16,12302,2,CNB,2026-09-16T22:00:00+05:30,2026-09-16T22:05:00+05:30,2026-09-16T22:09:38+05:30,2026-09-16T22:18:11+05:30,13.1881,0,0,0,0
2026-09-16,12302,3,PRYJ,2026-09-17T00:15:00+05:30,2026-09-17T00:17:00+05:30,2026-09-17T00:17:57+05:30,2026-09-17T00:22:14+05:30,5.24167,0,0,0,0
2026-09-16,12302,4,DDU,2026-09-17T02:00:00+05:30,2026-09-17T02:10:00+05:30,2026-09-17T01:56:24+05:30,2026-09-17T02:10:00+05:30,0.0,0,0,0,0
2026-09-16,12302,5,GAYA,2026-09-17T04:39:00+05:30,2026-09-17T04:42:00+05:30,2026-09-17T04:31:11+05:30,2026-09-17T04:42:00+05:30,0.0,0,0,0,0
2026-09-16,12302,6,DHN,2026-09-17T06:57:00+05:30,2026-09-17T07:02:00+05:30,2026-09-17T06:44:15+05:30,2026-09-17T07:02:00+05:30,0.0,0,0,0,0
2026-09-16,12302,7,ASN,2026-09-17T07:55:00+05:30,2026-09-17T07:57:00+05:30,2026-09-17T07:54:55+05:30,2026-09-17T08:00:08+05:30,3.13603,0,0,0,0
2026-09-16,12302,8,HWH,2026-09-17T09:55:00+05:30,,2026-09-17T09:46:31+05:30,,,0,0,0,0
2026-09-17,12301,1,HWH,,2026-09-17T16:50:00+05:30,,2026-09-17T17:08:50+05:30,18.83954,,,,
2026-09-17,12301,2,ASN,2026-09-17T18:48:00+05:30,2026-09-17T18:50:00+05:30,2026-09-17T19:04:12+05:30,2026-09-17T19:08:45+05:30,18.76119,0,0,0,0
2026-09-17,12301,3,DHN,2026-09-17T19:43:00+05:30,2026-09-17T19:48:00+05:30,2026-09-17T19:56:39+05:30,2026-09-17T20:03:21+05:30,15.36517,0,0,0,0
2026-09-17,12301,4,GAYA,2026-09-17T22:03:00+05:30,2026-09-17T22:06:00+05:30,2026-09-17T22:13:50+05:30,2026-09-17T22:18:45+05:30,12.75696,0,0,0,0
2026-09-17,12301,5,DDU,2026-09-18T00:35:00+05:30,2026-09-18T00:45:00+05:30,2026-09-18T00:37:12+05:30,2026-09-18T00:49:34+05:30,4.58248,0,0,0,0
2026-09-17,12301,6,PRYJ,2026-09-18T02:28:00+05:30,2026-09-18T02:30:00+05:30,2026-09-18T02:29:53+05:30,2026-09-18T02:30:57+05:30,0.95118,0,0,0,0
2026-09-17,12301,7,CNB,2026-09-18T04:45:00+05:30,2026-09-18T04:50:00+05:30,2026-09-18T04:34:12+05:30,2026-09-18T04:50:00+05:30,0.0,0,0,0,0
2026-09-17,12301,8,NDLS,2026-09-18T10:00:00+05:30,,2026-09-18T10:00:33+05:30,,,0,0,0,0
2026-09-17,12302,1,NDLS,,2026-09-17T16:55:00+05:30,,2026-09-17T16:55:18+05:30,0.31016,,,,
2026-09-17,12302,2,CNB,2026-09-17T22:00:00+05:30,2026-09-17T22:05:00+05:30,2026-09-17T21:38:39+05:30,2026-09-17T22:05:00+05:30,0.0,0,0,0,0
2026-09-17,12302,3,PRYJ,2026-09-18T00:15:00+05:30,2026-09-18T00:17:00+05:30,2026-09-18T00:07:18+05:30,2026-09-18T00:17:00+05:30,0.0,0,0,0,0
2026-09-17,12302,4,DDU,2026-09-18T02:00:00+05:30,2026-09-18T02:10:00+05:30,2026-09-18T01:53:28+05:30,2026-09-18T02:10:00+05:30,0.0,0,0,0,0
2026-09-17,12302,5,GAYA,2026-09-18T04:39:00+05:30,2026-09-18T04:42:00+05:30,2026-09-18T04:37:10+05:30,2026-09-18T04:42:00+05:30,0.0,0,0,0,0
2026-09-17,12302,6,DHN,2026-09-18T06:57:00+05:30,2026-09-18T07:02:00+05:30,2026-09-18T06:52:57+05:30,2026-09-18T07:11:59+05:30,9.99741,0,0,0,0
2026-09-17,12302,7,ASN,2026-09-18T07:55:00+05:30,2026-09-18T07:57:00+05:30,2026-09-18T08:04:09+05:30,2026-09-18T08:07:22+05:30,10.37292,0,0,0,0
2026-09-17,12302,8,HWH,2026-09-18T09:55:00+05:30,,2026-09-18T09:54:28+05:30,,,0,0,0,0
2026-09-18,12301,1,HWH,,2026-09-18T16:50:00+05:30,,2026-09-18T17:04:11+05:30,14.19353,,,,
2026-09-18,12301,2,ASN,2026-09-18T18:48:00+05:30,2026-09-18T18:50:00+05:30,2026-09-18T18:59:36+05:30,2026-09-18T19:17:15+05:30,27.26435,0,0,0,0
2026-09-18,12301,3,DHN,2026-09-18T19:43:00+05:30,2026-09-18T19:48:00+05:30,2026-09-18T20:11:07+05:30,2026-09-18T20:22:40+05:30,34.67193,0,0,0,0
2026-09-18,12301,4,GAYA,2026-09-18T22:03:00+05:30,2026-09-18T22:06:00+05:30,2026-09-18T22:31:28+05:30,2026-09-18T22:33:30+05:30,27.50815,0,0,0,0
2026-09-18,12301,5,DDU,2026-09-19T00:35:00+05:30,2026-09-19T00:45:00+05:30,2026-09-19T01:15:27+05:30,2026-09-19T01:29:06+05:30,44.10832,1,0,0,0
2026-09-18,12301,6,PRYJ,2026-09-19T02:28:00+05:30,2026-09-19T02:30:00+05:30,2026-09-19T03:04:11+05:30,2026-09-19T03:06:41+05:30,36.69257,0,0,0,0
2026-09-18,12301,7,CNB,2026-09-19T04:45:00+05:30,2026-09-19T04:50:00+05:30,2026-09-19T05:18:44+05:30,2026-09-19T05:26:16+05:30,36.27961,1,0,0,0
2026-09-18,12301,8,NDLS,2026-09-19T10:00:00+05:30,,2026-09-19T10:20:50+05:30,,,0,0,0,0
2026-09-18,12302,1,NDLS,,2026-09-18T16:55:00+05:30,,2026-09-18T16:57:42+05:30,2.7154,,,,
2026-09-18,12302,2,CNB,2026-09-18T22:00:00+05:30,2026-09-18T22:05:00+05:30,2026-09-18T21:48:58+05:30,2026-09-18T22:05:00+05:30,0.0,0,0,0,0
2026-09-18,12302,3,PRYJ,2026-09-19T00:15:00+05:30,2026-09-19T00:17:00+05:30,2026-09-19T00:09:49+05:30,2026-09-19T00:17:00+05:30,0.0,0,0,0,0
2026-09-18,12302,4,DDU,2026-09-19T02:00:00+05:30,2026-09-19T02:10:00+05:30,2026-09-19T01:53:00+05:30,2026-09-19T02:10:00+05:30,0.0,0,0,0,0
2026-09-18,12302,5,GAYA,2026-09-19T04:39:00+05:30,2026-09-19T04:42:00+05:30,2026-09-19T04:21:40+05:30,2026-09-19T04:42:00+05:30,0.0,0,0,0,0
2026-09-18,12302,6,DHN,2026-09-19T06:57:00+05:30,2026-09-19T07:02:00+05:30,2026-09-19T06:41:10+05:30,2026-09-19T07:02:00+05:30,0.0,0,0,0,0
2026-09-18,12302,7,ASN,2026-09-19T07:55:00+05:30,2026-09-19T07:57:00+05:30,2026-09-19T07:50:49+05:30,2026-09-19T07:57:00+05:30,0.0,0,0,0,0
2026-09-18,12302,8,HWH,2026-09-19T09:55:00+05:30,,2026-09-19T09:47:46+05:30,,,0,0,0,0
2026-09-19,12301,1,HWH,,2026-09-19T16:50:00+05:30,,2026-09-19T16:52:26+05:30,2.43402,,,,
2026-09-19,12301,2,ASN,2026-09-19T18:48:00+05:30,2026-09-19T18:50:00+05:30,2026-09-19T18:48:18+05:30,2026-09-19T18:53:10+05:30,3.16956,0,0,0,0
2026-09-19,12301,3,DHN,2026-09-19T19:43:00+05:30,2026-09-19T19:48:00+05:30,2026-09-19T19:47:46+05:30,2026-09-19T19:52:50+05:30,4.83407,0,0,0,0
2026-09-19,12301,4,GAYA,2026-09-19T22:03:00+05:30,2026-09-19T22:06:00+05:30,2026-09-19T21:53:55+05:30,2026-09-19T22:06:00+05:30,0.0,0,0,0,0
2026-09-19,12301,5,DDU,2026-09-20T00:35:00+05:30,2026-09-20T00:45:00+05:30,2026-09-20T00:24:50+05:30,2026-09-20T00:45:00+05:30,0.0,0,0,0,0
2026-09-19,12301,6,PRYJ,2026-09-20T02:28:00+05:30,2026-09-20T02:30:00+05:30,2026-09-20T02:30:06+05:30,2026-09-20T02:31:13+05:30,1.22104,0,0,0,0
2026-09-19,12301,7,CNB,2026-09-20T04:45:00+05:30,2026-09-20T04:50:00+05:30,2026-09-20T04:35:48+05:30,2026-09-20T04:50:00+05:30,0.0,0,0,0,0
2026-09-19,12301,8,NDLS,2026-09-20T10:00:00+05:30,,2026-09-20T09:46:44+05:30,,,0,0,0,0
2026-09-19,12302,1,NDLS,,2026-09-19T16:55:00+05:30,,2026-09-19T17:10:11+05:30,15.19082,,,,
2026-09-19,12302,2,CNB,2026-09-19T22:00:00+05:30,2026-09-19T22:05:00+05:30,2026-09-19T22:00:27+05:30,2026-09-19T22:15:05+05:30,10.0978,0,0,0,0
2026-09-19,12302,3,PRYJ,2026-09-20T00:15:00+05:30,2026-09-20T00:17:00+05:30,2026-09-20T00:12:48+05:30,2026-09-20T00:18:02+05:30,1.04834,0,0,0,0
2026-09-19,12302,4,DDU,2026-09-20T02:00:00+05:30,2026-09-20T02:10:00+05:30,2026-09-20T01:54:19+05:30,2026-09-20T02:10:00+05:30,0.0,0,0,0,0
2026-09-19,12302,5,GAYA,2026-09-20T04:39:00+05:30,2026-09-20T04:42:00+05:30,2026-09-20T04:30:25+05:30,2026-09-20T04:42:00+05:30,0.0,0,0,0,0
2026-09-19,12302,6,DHN,2026-09-20T06:57:00+05:30,2026-09-20T07:02:00+05:30,2026-09-20T06:52:49+05:30,2026-09-20T07:02:00+05:30,0.0,0,0,0,0
2026-09-19,12302,7,ASN,2026-09-20T07:55:00+05:30,2026-09-20T07:57:00+05:30,2026-09-20T07:54:43+05:30,2026-09-20T07:57:11+05:30,0.19686,0,0,0,0
2026-09-19,12302,8,HWH,2026-09-20T09:55:00+05:30,,2026-09-20T09:39:06+05:30,,,0,0,0,0
2026-09-20,12301,1,HWH,,2026-09-20T16:50:00+05:30,,2026-09-20T17:19:08+05:30,29.13413,,,,
2026-09-20,12301,2,ASN,2026-09-20T18:48:00+05:30,2026-09-20T18:50:00+05:30,2026-09-20T19:07:00+05:30,2026-09-20T19:08:13+05:30,18.22078,0,0,0,0
2026-09-20,12301,3,DHN,2026-09-20T19:43:00+05:30,2026-09-20T19:48:00+05:30,2026-09-20T19:56:47+05:30,2026-09-20T20:09:59+05:30,21.9959,0,0,0,0
2026-09-20,12301,4,GAYA,2026-09-20T22:03:00+05:30,2026-09-20T22:06:00+05:30,2026-09-20T22:20:05+05:30,2026-09-20T22:26:37+05:30,20.61787,0,0,0,0
2026-09-20,12301,5,DDU,2026-09-21T00:35:00+05:30,2026-09-21T00:45:00+05:30,2026-09-21T00:39:52+05:30,2026-09-21T00:49:47+05:30,4.79991,0,0,0,0
2026-09-20,12301,6,PRYJ,2026-09-21T02:28:00+05:30,2026-09-21T02:30:00+05:30,2026-09-21T02:28:47+05:30,2026-09-21T02:42:53+05:30,12.89299,0,0,0,0
2026-09-20,12301,7,CNB,2026-09-21T04:45:00+05:30,2026-09-21T04:50:00+05:30,2026-09-21T05:00:17+05:30,2026-09-21T05:07:02+05:30,17.04127,0,0,0,0
2026-09-20,12301,8,NDLS,2026-09-21T10:00:00+05:30,,2026-09-21T09:45:47+05:30,,,0,0,0,0
2026-09-20,12302,1,NDLS,,2026-09-20T16:55:00+05:30,,2026-09-20T16:57:54+05:30,2.90298,,,,
2026-09-20,12302,2,CNB,2026-09-20T22:00:00+05:30,2026-09-20T22:05:00+05:30,2026-09-20T21:34:33+05:30,2026-09-20T22:05:00+05:30,0.0,0,0,0,0
2026-09-20,12302,3,PRYJ,2026-09-21T00:15:00+05:30,2026-09-21T00:17:00+05:30,2026-09-21T00:04:57+05:30,2026-09-21T00:17:00+05:30,0.0,0,0,0,0
2026-09-20,12302,4,DDU,2026-09-21T02:00:00+05:30,2026-09-21T02:10:00+05:30,2026-09-21T01:59:31+05:30,2026-09-21T02:12:33+05:30,2.55921,0,0,0,0
2026-09-20,12302,5,GAYA,2026-09-21T04:39:00+05:30,2026-09-21T04:42:00+05:30,2026-09-21T04:26:11+05:30,2026-09-21T04:42:00+05:30,0.0,0,0,0,0
2026-09-20,12302,6,DHN,2026-09-21T06:57:00+05:30,2026-09-21T07:02:00+05:30,2026-09-21T06:53:19+05:30,2026-09-21T07:02:00+05:30,0.0,0,0,0,0
2026-09-20,12302,7,ASN,2026-09-21T07:55:00+05:30,2026-09-21T07:57:00+05:30,2026-09-21T07:48:29+05:30,2026-09-21T07:57:00+05:30,0.0,0,0,0,0
2026-09-20,12302,8,HWH,2026-09-21T09:55:00+05:30,,2026-09-21T09:44:54+05:30,,,0,0,0,0
2026-09-21,12301,1,HWH,,2026-09-21T16:50:00+05:30,,2026-09-21T16:50:24+05:30,0.40987,,,,
2026-09-21,12301,2,ASN,2026-09-21T18:48:00+05:30,2026-09-21T18:50:00+05:30,2026-09-21T18:38:06+05:30,2026-09-21T18:50:00+05:30,0.0,0,0,0,0
2026-09-21,12301,3,DHN,2026-09-21T19:43:00+05:30,2026-09-21T19:48:00+05:30,2026-09-21T19:38:08+05:30,2026-09-21T19:48:00+05:30,0.0,0,0,0,0
2026-09-21,12301,4,GAYA,2026-09-21T22:03:00+05:30,2026-09-21T22:06:00+05:30,2026-09-21T21:56:51+05:30,2026-09-21T22:06:00+05:30,0.0,0,0,0,0
2026-09-21,12301,5,DDU,2026-09-22T00:35:00+05:30,2026-09-22T00:45:00+05:30,2026-09-22T00:29:19+05:30,2026-09-22T00:45:00+05:30,0.0,0,0,0,0
2026-09-21,12301,6,PRYJ,2026-09-22T02:28:00+05:30,2026-09-22T02:30:00+05:30,2026-09-22T02:13:16+05:30,2026-09-22T02:30:00+05:30,0.0,0,0,0,0
2026-09-21,12301,7,CNB,2026-09-22T04:45:00+05:30,2026-09-22T04:50:00+05:30,2026-09-22T04:38:19+05:30,2026-09-22T04:52:22+05:30,2.37073,0,0,0,0
2026-09-21,12301,8,NDLS,2026-09-22T10:00:00+05:30,,2026-09-22T09:32:48+05:30,,,0,0,0,0
2026-09-21,12302,1,NDLS,,2026-09-21T16:55:00+05:30,,2026-09-21T18:06:02+05:30,71.0497,,,,
2026-09-21,12302,2,CNB,2026-09-21T22:00:00+05:30,2026-09-21T22:05:00+05:30,2026-09-21T23:37:23+05:30,2026-09-21T23:42:06+05:30,97.11539,1,0,0,0
2026-09-21,12302,3,PRYJ,2026-09-22T00:15:00+05:30,2026-09-22T00:17:00+05:30,2026-09-22T01:59:57+05:30,2026-09-22T02:02:16+05:30,105.27281,0,0,0,0
2026-09-21,12302,4,DDU,2026-09-22T02:00:00+05:30,2026-09-22T02:10:00+05:30,2026-09-22T04:06:13+05:30,2026-09-22T04:17:09+05:30,127.16546,1,0,0,0
2026-09-21,12302,5,GAYA,2026-09-22T04:39:00+05:30,2026-09-22T04:42:00+05:30,2026-09-22T07:29:04+05:30,2026-09-22T07:34:14+05:30,172.23929,0,0,0,1
2026-09-21,12302,6,DHN,2026-09-22T06:57:00+05:30,2026-09-22T07:02:00+05:30,2026-09-22T10:15:58+05:30,2026-09-22T10:21:51+05:30,199.85308,0,0,0,1
2026-09-21,12302,7,ASN,2026-09-22T07:55:00+05:30,2026-09-22T07:57:00+05:30,2026-09-22T11:30:09+05:30,2026-09-22T11:32:16+05:30,215.27453,0,0,0,1
2026-09-21,12302,8,HWH,2026-09-22T09:55:00+05:30,,2026-09-22T13:55:36+05:30,,,0,0,0,1
2026-09-22,12301,1,HWH,,2026-09-22T16:50:00+05:30,,2026-09-22T16:55:09+05:30,5.16494,,,,
2026-09-22,12301,2,ASN,2026-09-22T18:48:00+05:30,2026-09-22T18:50:00+05:30,2026-09-22T18:46:23+05:30,2026-09-22T18:50:00+05:30,0.0,0,0,0,0
2026-09-22,12301,3,DHN,2026-09-22T19:43:00+05:30,2026-09-22T19:48:00+05:30,2026-09-22T19:43:02+05:30,2026-09-22T19:50:21+05:30,2.35272,0,0,0,0
2026-09-22,12301,4,GAYA,2026-09-22T22:03:00+05:30,2026-09-22T22:06:00+05:30,2026-09-22T22:00:23+05:30,2026-09-22T22:06:00+05:30,0.0,0,0,0,0
2026-09-22,12301,5,DDU,2026-09-23T00:35:00+05:30,2026-09-23T00:45:00+05:30,2026-09-23T00:47:42+05:30,2026-09-23T00:57:55+05:30,12.93283,1,0,0,0
2026-09-22,12301,6,PRYJ,2026-09-23T02:28:00+05:30,2026-09-23T02:30:00+05:30,2026-09-23T02:38:55+05:30,2026-09-23T02:44:22+05:30,14.38228,0,0,0,0
2026-09-22,12301,7,CNB,2026-09-23T04:45:00+05:30,2026-09-23T04:50:00+05:30,2026-09-23T05:15:07+05:30,2026-09-23T05:21:42+05:30,31.70617,1,0,0,0
2026-09-22,12301,8,NDLS,2026-09-23T10:00:00+05:30,,2026-09-23T10:19:14+05:30,,,0,0,0,0
2026-09-22,12302,1,NDLS,,2026-09-22T16:55:00+05:30,,2026-09-22T17:20:31+05:30,25.53258,,,,
2026-09-22,12302,2,CNB,2026-09-22T22:00:00+05:30,2026-09-22T22:05:00+05:30,2026-09-22T21:57:59+05:30,2026-09-22T22:05:00+05:30,0.0,0,0,0,0
2026-09-22,12302,3,PRYJ,2026-09-23T00:15:00+05:30,2026-09-23T00:17:00+05:30,2026-09-23T00:10:03+05:30,2026-09-23T00:17:00+05:30,0.0,0,0,0,0
2026-09-22,12302,4,DDU,2026-09-23T02:00:00+05:30,2026-09-23T02:10:00+05:30,2026-09-23T01:58:04+05:30,2026-09-23T02:10:00+05:30,0.0,0,0,0,0
2026-09-22,12302,5,GAYA,2026-09-23T04:39:00+05:30,2026-09-23T04:42:00+05:30,2026-09-23T04:35:13+05:30,2026-09-23T04:42:00+05:30,0.0,0,0,0,0
2026-09-22,12302,6,DHN,2026-09-23T06:57:00+05:30,2026-09-23T07:02:00+05:30,2026-09-23T06:42:50+05:30,2026-09-23T07:02:00+05:30,0.0,0,0,0,0
2026-09-22,12302,7,ASN,2026-09-23T07:55:00+05:30,2026-09-23T07:57:00+05:30,2026-09-23T07:54:35+05:30,2026-09-23T07:57:00+05:30,0.0,0,0,0,0
2026-09-22,12302,8,HWH,2026-09-23T09:55:00+05:30,,2026-09-23T09:44:43+05:30,,,0,0,0,0
